N,P,K,temperature,humidity,ph,rainfall,label
74.98,35.79,44.63,20.36,81.03,7.26,200.27,rice
98.03,50.91,36.26,23.72,89.03,6.96,213.43,rice
89.28,42.86,37.42,23.78,85.05,6.56,201.24,rice
83.95,47.71,48.48,24.46,88.26,7.46,190.64,rice
66.24,57.69,44.1,25.08,83.2,7.23,194.48,rice
66.24,41.23,35.14,26.83,88.96,6.29,235.29,rice
62.32,45.26,36.52,23.61,83.89,7.64,204.76,rice
94.65,53.89,44.95,22.26,80.11,7.48,223.71,rice
84.04,40.72,35.08,25.57,89.05,7.71,240.41,rice
88.32,36.92,37.41,21.9,80.91,7.31,262.85,rice
60.82,42.24,43.23,23.07,83.19,7.1,184.72,rice
98.8,39.03,45.38,20.55,89.5,6.75,275.93,rice
93.3,58.24,44.78,20.18,89.51,7.68,255.35,rice
68.49,55.2,38.36,26.74,85.73,7.56,189.81,rice
67.27,50.84,45.68,25.85,86.32,6.08,284.83,rice
67.34,56.79,38.56,24.87,84.48,6.05,290.5,rice
72.17,55.09,39.88,22.86,82.93,6.68,187.33,rice
80.99,39.66,46.2,21.21,83.29,7.46,213.23,rice
77.28,57.31,44.74,21.1,86.73,7.78,276.74,rice
71.65,48.48,47.74,21.75,87.52,6.27,269.79,rice
84.47,55.19,44.86,23.84,87.92,7.07,202.14,rice
65.58,57.4,43.52,25.0,87.9,6.69,205.12,rice
71.69,42.95,36.41,24.62,80.91,7.75,224.46,rice
74.65,37.75,40.52,21.96,84.94,7.52,238.14,rice
78.24,40.7,38.98,26.68,80.58,7.51,254.19,rice
91.41,45.68,38.66,25.17,85.5,6.84,224.27,rice
67.99,55.45,49.6,23.88,84.42,6.75,235.5,rice
80.57,56.52,40.9,24.28,88.88,6.49,269.7,rice
83.7,35.17,48.38,22.94,83.51,6.1,184.4,rice
61.86,47.77,44.47,21.73,81.17,7.56,210.29,rice
84.3,45.44,46.92,22.49,81.43,7.46,265.6,rice
66.82,40.55,42.54,25.3,87.62,7.8,287.42,rice
62.6,38.0,43.65,20.1,86.18,7.79,241.4,rice
97.96,43.44,42.39,20.81,81.01,7.0,243.85,rice
98.63,58.57,37.93,20.32,80.84,7.38,192.86,rice
92.34,43.08,45.84,20.29,87.01,7.7,233.69,rice
72.18,47.97,39.21,25.99,80.73,7.53,243.91,rice
63.91,52.58,35.36,24.93,88.22,6.45,209.1,rice
87.37,44.09,44.68,23.32,87.06,6.81,212.31,rice
77.61,59.29,37.66,20.68,80.81,6.23,225.27,rice
64.88,59.06,49.11,23.44,80.85,7.72,182.41,rice
79.81,41.29,49.31,23.31,89.87,7.09,218.65,rice
61.38,47.43,48.72,21.21,83.74,6.41,205.37,rice
96.37,42.52,40.55,23.04,83.71,7.21,219.3,rice
70.35,42.12,35.23,22.79,88.13,7.11,194.37,rice
86.5,35.92,48.92,24.31,89.47,6.64,286.86,rice
72.47,50.24,41.42,24.45,89.86,6.2,251.23,rice
80.8,47.57,49.5,20.32,87.53,7.21,261.49,rice
81.87,36.29,49.45,22.62,83.76,6.94,274.7,rice
67.39,41.97,47.8,24.38,80.84,7.39,239.81,rice
98.78,57.71,39.42,23.52,87.77,6.94,190.43,rice
91.01,40.99,40.78,26.0,85.58,7.53,244.45,rice
97.58,38.62,47.77,24.61,84.24,6.99,250.42,rice
95.79,47.24,39.75,21.14,89.06,7.01,269.45,rice
83.92,59.64,37.54,20.49,81.11,7.58,231.8,rice
96.87,41.05,43.35,24.5,84.93,6.73,195.31,rice
63.54,51.8,49.04,20.19,80.11,6.24,214.05,rice
67.84,54.04,45.44,24.1,84.69,6.05,223.57,rice
61.81,40.94,43.55,26.58,80.56,7.36,257.51,rice
73.01,53.21,36.46,24.03,81.19,7.12,248.49,rice
75.55,44.19,44.23,22.72,81.18,7.27,222.73,rice
70.85,50.81,49.85,24.5,86.49,6.38,298.38,rice
93.15,50.84,37.1,23.21,87.46,6.25,252.69,rice
74.27,48.39,42.77,23.82,85.83,6.03,208.47,rice
71.24,37.26,48.16,26.59,89.62,6.63,192.21,rice
81.71,55.88,46.11,22.7,83.75,7.06,198.34,rice
65.64,43.02,45.46,26.73,82.86,6.71,209.51,rice
92.09,39.66,45.54,26.34,88.69,6.79,199.28,rice
62.98,36.02,40.39,21.37,82.24,7.63,202.39,rice
99.48,49.77,39.4,20.49,89.63,6.63,214.21,rice
90.89,51.94,47.14,20.71,80.12,6.93,200.8,rice
67.95,35.41,47.15,20.13,89.7,7.41,287.61,rice
60.22,47.8,48.01,20.66,80.43,6.71,189.63,rice
92.62,40.66,48.7,24.78,88.91,7.12,242.94,rice
88.27,51.13,42.67,20.5,85.28,7.55,229.25,rice
89.16,39.36,42.52,22.23,89.93,7.71,297.89,rice
90.85,52.27,46.97,25.91,80.74,6.26,193.44,rice
62.96,44.67,44.75,20.16,85.54,7.67,227.74,rice
74.34,58.42,45.53,25.7,89.69,6.89,296.34,rice
64.63,38.44,46.94,21.97,85.23,6.46,283.86,rice
94.52,43.53,48.35,20.83,86.29,6.83,278.05,rice
84.93,37.84,40.07,24.88,86.96,7.76,210.95,rice
73.24,58.12,40.63,24.4,84.55,6.89,200.51,rice
62.54,56.93,36.41,26.14,86.28,6.59,260.24,rice
72.44,41.45,43.67,25.15,85.84,7.14,291.53,rice
73.01,51.5,35.54,25.62,89.01,6.43,246.81,rice
89.18,55.43,41.98,21.97,80.45,6.14,248.59,rice
85.5,48.88,43.14,21.24,82.81,6.23,213.6,rice
95.49,48.24,39.3,25.25,89.5,6.23,272.34,rice
78.89,41.05,43.86,25.65,88.9,6.27,202.45,rice
64.78,37.33,35.46,26.93,84.56,6.25,218.84,rice
88.53,57.43,35.56,22.89,86.2,7.15,231.05,rice
90.43,57.51,47.34,22.6,82.77,6.33,240.91,rice
82.45,50.83,40.4,25.43,81.88,6.62,209.09,rice
90.84,43.48,36.91,22.39,84.64,7.61,193.78,rice
79.75,43.73,42.83,26.52,83.53,6.85,253.27,rice
80.91,53.15,46.55,26.01,85.84,7.2,214.64,rice
77.1,57.43,38.24,23.0,80.78,6.31,249.75,rice
61.02,57.18,44.34,25.26,89.74,6.35,198.52,rice
64.32,54.5,36.28,25.28,89.86,6.07,237.74,rice
81.3,52.68,17.08,19.67,56.16,6.64,61.58,maize
62.07,38.81,15.27,22.88,74.38,5.54,106.81,maize
73.46,49.41,16.81,25.86,72.68,5.53,62.6,maize
65.38,50.17,20.83,24.59,73.56,5.99,87.06,maize
62.53,45.6,19.21,25.26,74.9,6.23,95.45,maize
99.6,53.41,23.93,23.93,58.48,6.66,103.55,maize
72.89,58.36,23.17,24.23,62.92,6.52,95.7,maize
92.39,58.14,18.42,25.64,70.16,6.17,100.09,maize
70.19,46.27,17.59,20.25,68.92,5.91,76.97,maize
87.26,37.83,18.8,22.4,58.08,7.0,100.74,maize
90.41,59.62,20.9,19.99,71.32,6.14,64.01,maize
83.83,55.97,17.68,26.89,59.49,6.18,104.74,maize
78.86,38.12,21.24,26.5,59.48,5.75,87.38,maize
76.47,58.02,19.09,18.35,65.74,6.69,100.86,maize
73.95,56.75,20.52,24.35,66.86,6.54,82.62,maize
97.18,47.97,19.36,26.33,66.6,5.83,92.18,maize
93.22,49.78,17.94,19.63,56.83,5.62,86.32,maize
98.6,44.98,24.48,23.11,72.55,6.52,96.58,maize
64.97,36.37,22.64,26.24,60.31,6.48,64.08,maize
89.23,43.38,16.4,18.31,57.59,5.91,63.02,maize
97.53,55.07,23.68,24.28,72.77,6.93,72.36,maize
67.25,35.12,19.87,20.68,74.11,5.73,67.98,maize
62.66,43.34,23.95,26.32,72.24,6.15,103.59,maize
89.64,44.95,23.0,26.74,71.19,6.92,70.96,maize
82.98,48.43,19.25,26.5,68.1,6.13,108.79,maize
93.67,58.0,15.22,22.27,66.02,6.46,76.84,maize
65.59,43.66,17.69,25.76,56.74,6.1,69.11,maize
91.81,43.67,20.42,25.6,63.17,5.91,99.48,maize
68.07,53.44,21.33,20.87,62.45,6.98,92.94,maize
66.55,46.31,17.58,25.46,60.2,6.11,84.91,maize
66.57,40.62,16.39,18.33,69.47,6.84,87.77,maize
92.58,46.31,23.35,23.37,64.92,5.84,95.96,maize
86.61,38.52,24.84,20.07,56.62,5.82,71.42,maize
80.92,39.41,20.26,19.09,59.4,5.55,109.82,maize
74.35,47.46,16.72,18.69,68.67,6.48,108.74,maize
95.09,45.47,17.72,24.27,56.52,6.05,92.52,maize
75.7,57.87,15.18,21.06,72.02,6.8,69.98,maize
92.66,44.06,24.14,24.52,64.9,6.21,94.01,maize
77.57,49.51,16.18,18.59,64.61,6.95,63.61,maize
75.08,50.81,20.77,20.84,66.85,5.78,61.53,maize
78.51,35.33,17.74,22.86,71.49,6.8,72.88,maize
72.06,51.59,20.54,25.12,61.96,6.66,83.13,maize
89.9,39.45,21.51,20.87,68.56,6.66,103.41,maize
80.11,59.03,23.3,23.63,66.31,6.77,96.36,maize
69.29,38.72,17.06,25.97,60.34,6.64,97.14,maize
95.98,45.37,15.11,23.54,72.57,6.44,81.27,maize
75.36,37.13,16.37,20.1,70.95,5.7,77.3,maize
81.74,59.92,24.0,18.22,68.17,5.55,78.55,maize
96.26,47.55,23.74,25.83,72.01,6.88,109.38,maize
84.97,49.88,20.97,18.19,72.35,6.42,62.01,maize
64.68,36.68,21.01,25.87,69.17,6.69,103.35,maize
97.59,53.75,21.65,22.76,71.74,6.22,88.93,maize
85.11,40.25,16.75,26.45,68.95,5.68,81.93,maize
73.4,57.45,24.14,25.19,68.6,5.69,96.26,maize
65.57,40.13,19.19,26.98,67.37,6.53,84.33,maize
91.76,39.77,18.83,21.16,70.05,6.15,103.67,maize
84.8,35.91,20.19,24.9,58.17,5.8,105.04,maize
81.34,46.8,15.47,21.62,72.62,6.24,81.09,maize
95.76,49.12,16.66,22.32,72.44,5.6,73.84,maize
91.54,36.64,22.38,23.65,55.58,6.37,89.62,maize
66.07,54.39,15.83,25.86,71.52,5.9,105.62,maize
72.47,46.33,21.03,26.86,57.58,6.7,70.53,maize
69.94,48.11,17.45,24.91,61.7,5.97,91.15,maize
89.76,46.02,18.89,21.76,69.87,6.18,91.58,maize
61.34,45.02,17.89,21.79,58.22,5.52,96.66,maize
82.8,48.99,18.56,24.64,71.36,5.61,66.58,maize
90.5,38.88,22.19,20.15,71.64,6.09,95.79,maize
95.07,39.55,17.97,18.99,65.15,6.22,105.45,maize
73.68,56.54,20.66,21.19,55.13,6.4,68.98,maize
92.85,58.65,19.76,20.59,60.74,5.94,71.88,maize
64.43,44.33,21.64,20.67,67.34,6.54,108.57,maize
93.86,41.77,24.37,20.1,74.62,6.79,69.05,maize
65.1,51.1,22.33,18.38,67.64,6.67,102.72,maize
75.89,45.22,17.15,18.16,60.2,5.56,84.61,maize
91.89,35.63,15.31,26.89,67.68,6.22,72.36,maize
66.0,38.9,17.62,21.85,65.8,5.66,103.54,maize
69.17,52.9,20.95,21.46,70.6,5.86,82.27,maize
88.89,51.47,15.51,24.12,57.14,6.98,85.74,maize
88.8,35.68,19.96,19.96,70.22,5.71,77.96,maize
85.65,40.55,20.97,26.55,65.83,6.25,89.65,maize
87.76,40.78,18.34,25.08,74.26,6.43,68.18,maize
81.71,51.8,22.71,18.8,61.84,6.55,79.55,maize
70.07,35.49,16.07,21.76,67.65,6.34,108.47,maize
73.83,37.6,15.75,25.91,73.64,5.51,72.91,maize
67.26,55.0,22.28,26.5,57.05,5.99,92.84,maize
96.34,39.46,19.95,22.21,73.74,6.28,76.26,maize
83.34,51.32,21.88,23.52,68.76,5.63,98.67,maize
76.03,40.95,19.35,19.5,56.36,6.03,66.54,maize
78.48,37.49,17.46,26.92,61.02,5.55,108.49,maize
97.89,41.08,23.19,20.09,69.16,5.62,82.69,maize
66.13,53.06,22.99,26.48,56.35,6.1,71.8,maize
83.45,56.39,21.95,23.85,66.64,5.7,63.67,maize
80.24,55.76,17.72,23.47,61.92,6.35,68.49,maize
84.46,44.93,20.9,22.61,67.42,6.53,85.99,maize
60.72,51.7,18.61,20.08,55.91,6.7,76.85,maize
94.88,40.12,15.92,19.59,72.43,5.8,101.44,maize
97.28,42.33,24.17,19.98,74.47,5.75,81.54,maize
82.61,57.41,16.37,19.68,74.38,5.66,72.44,maize
87.87,35.33,24.5,25.02,69.99,6.45,90.86,maize
96.9,37.14,19.46,21.15,57.6,6.56,95.34,maize
25.01,67.98,76.92,20.86,19.74,7.39,72.85,chickpea
25.03,66.98,78.23,18.73,18.43,6.01,72.41,chickpea
21.1,55.64,77.27,18.25,16.12,7.9,92.19,chickpea
42.09,63.53,78.55,19.02,15.78,6.09,72.49,chickpea
39.91,64.5,75.69,18.76,16.1,7.86,73.16,chickpea
34.24,64.97,80.19,17.42,18.65,6.51,87.78,chickpea
45.33,69.5,75.68,19.56,17.97,8.4,78.49,chickpea
44.17,68.34,83.0,17.86,15.11,6.92,88.3,chickpea
37.56,70.2,77.34,19.48,15.04,6.82,66.96,chickpea
46.05,74.12,80.4,19.6,14.59,6.37,79.63,chickpea
26.18,75.32,83.8,17.61,17.96,6.76,66.01,chickpea
23.36,72.95,81.51,17.25,18.59,8.19,66.88,chickpea
28.09,78.89,80.33,20.12,15.59,8.49,92.19,chickpea
21.71,55.46,78.24,18.84,14.13,6.92,69.18,chickpea
35.94,59.89,78.33,17.23,14.49,7.12,80.97,chickpea
48.1,55.19,81.69,20.98,19.81,7.81,77.33,chickpea
21.18,71.19,84.94,17.23,15.77,8.22,75.42,chickpea
23.66,77.45,81.62,19.78,18.62,7.48,92.0,chickpea
33.57,61.09,80.58,20.93,17.75,6.98,65.65,chickpea
48.02,78.18,82.31,17.96,16.29,7.03,84.91,chickpea
29.48,56.51,79.65,17.57,15.23,7.74,93.9,chickpea
35.22,78.36,75.6,17.49,14.73,6.01,81.81,chickpea
21.25,63.79,80.62,18.21,17.69,7.55,93.1,chickpea
24.45,57.54,84.58,17.4,18.65,6.89,66.57,chickpea
49.6,67.15,76.75,19.77,17.86,7.99,77.56,chickpea
48.95,61.42,81.9,17.25,17.18,6.23,72.8,chickpea
20.15,62.12,77.01,19.04,14.25,7.47,86.92,chickpea
48.55,62.68,80.36,20.99,19.81,7.2,94.44,chickpea
39.17,75.08,75.97,20.26,18.79,7.61,72.7,chickpea
46.04,68.48,79.5,19.46,15.76,6.16,84.63,chickpea
33.64,62.78,82.56,18.23,19.88,7.45,70.94,chickpea
35.47,70.26,78.48,19.5,17.61,7.4,81.96,chickpea
34.67,72.9,81.65,19.11,17.49,7.4,78.92,chickpea
40.01,61.82,82.95,18.7,18.49,7.51,94.16,chickpea
24.19,65.34,84.27,17.52,18.87,7.69,83.26,chickpea
20.9,58.05,77.35,20.55,17.94,8.01,75.49,chickpea
29.24,59.53,78.99,18.8,14.77,6.67,68.42,chickpea
41.14,72.03,76.52,17.78,16.03,8.06,69.54,chickpea
26.06,59.54,84.92,18.47,19.57,7.25,71.76,chickpea
40.2,68.13,84.27,18.66,15.35,6.19,72.53,chickpea
49.1,72.73,80.4,20.31,16.23,6.15,90.52,chickpea
22.82,57.67,83.42,19.93,16.59,6.84,81.84,chickpea
40.18,69.18,80.21,20.08,16.64,7.96,80.7,chickpea
33.31,61.41,81.24,17.04,17.68,7.77,68.44,chickpea
46.04,79.07,75.89,18.66,19.66,7.97,90.8,chickpea
25.31,67.09,82.55,18.93,15.44,7.29,86.68,chickpea
40.78,75.15,76.28,17.08,14.73,7.1,67.03,chickpea
45.14,68.76,83.26,18.04,15.18,6.37,86.24,chickpea
48.34,56.09,82.82,20.04,19.32,6.82,81.31,chickpea
40.5,70.83,82.09,17.55,17.87,7.09,67.45,chickpea
34.92,78.79,75.36,19.14,15.72,6.22,78.75,chickpea
38.54,70.04,78.03,17.86,18.9,6.55,79.54,chickpea
46.07,75.48,77.63,17.05,19.17,7.5,69.97,chickpea
37.12,77.11,78.6,17.96,19.08,7.84,93.37,chickpea
20.91,60.7,75.88,20.9,19.51,8.5,90.5,chickpea
47.93,60.3,84.37,20.21,15.51,8.33,85.07,chickpea
40.69,70.27,80.54,20.84,18.53,7.61,78.87,chickpea
40.3,65.28,78.06,18.95,16.76,7.05,77.35,chickpea
26.47,76.0,78.97,17.44,19.05,7.59,84.53,chickpea
39.77,77.5,79.47,19.19,18.37,7.96,81.36,chickpea
31.82,63.84,81.01,18.82,18.66,6.3,66.87,chickpea
39.54,60.92,80.16,20.38,17.94,7.02,80.38,chickpea
23.2,74.51,84.19,17.39,15.06,8.1,89.19,chickpea
39.74,61.87,79.97,18.95,17.27,6.96,78.78,chickpea
49.98,75.57,84.92,17.6,19.91,7.43,66.56,chickpea
21.45,65.59,83.51,18.3,19.62,7.47,88.59,chickpea
49.32,71.69,77.09,19.95,14.26,6.46,71.04,chickpea
32.21,57.39,84.31,18.9,14.99,6.91,72.76,chickpea
46.12,70.6,76.16,18.5,14.79,6.84,69.94,chickpea
43.47,66.29,83.17,18.58,18.36,6.07,74.91,chickpea
37.01,69.67,78.81,18.84,18.91,6.06,87.7,chickpea
42.15,59.2,83.78,20.14,15.28,8.08,80.58,chickpea
46.36,73.42,83.68,20.57,17.04,6.68,71.15,chickpea
32.12,76.57,83.06,20.82,19.04,7.3,91.33,chickpea
29.81,60.42,82.9,20.15,18.4,6.75,91.39,chickpea
40.03,57.39,78.05,18.26,17.25,8.35,91.12,chickpea
44.24,55.59,75.81,19.75,17.54,6.65,72.16,chickpea
42.87,71.05,79.03,18.75,17.05,7.07,78.54,chickpea
43.93,70.18,76.74,18.02,15.79,8.18,94.55,chickpea
33.07,68.67,81.95,20.36,17.39,8.1,88.16,chickpea
44.54,60.8,78.46,17.15,18.13,6.47,65.82,chickpea
23.61,64.77,84.76,20.61,19.24,8.01,66.96,chickpea
36.33,69.86,81.41,18.85,17.82,7.15,78.92,chickpea
20.17,67.42,83.22,19.55,18.57,7.21,92.28,chickpea
29.74,79.69,76.33,19.64,14.96,6.33,81.16,chickpea
30.99,58.41,83.62,20.58,16.77,6.2,79.93,chickpea
31.89,72.38,84.23,19.55,14.06,7.82,68.16,chickpea
40.86,65.11,79.87,19.46,15.48,7.24,84.7,chickpea
31.66,65.7,81.06,17.27,18.36,7.09,89.66,chickpea
33.46,72.94,82.65,19.07,19.95,7.82,76.41,chickpea
27.13,72.31,76.75,17.6,14.6,7.91,88.27,chickpea
31.2,79.78,80.03,19.95,16.41,6.4,93.93,chickpea
26.82,58.21,78.99,19.05,18.8,7.53,71.11,chickpea
22.2,57.6,76.46,19.72,15.22,6.34,80.7,chickpea
38.1,73.11,78.68,17.17,17.33,7.88,73.61,chickpea
40.05,69.46,75.68,17.34,18.4,7.64,88.79,chickpea
38.58,61.85,75.26,19.87,17.7,8.39,82.33,chickpea
33.9,56.99,76.35,17.29,15.13,6.17,84.04,chickpea
31.39,57.14,84.63,17.29,16.13,6.14,88.94,chickpea
45.9,77.35,80.5,17.05,18.7,6.71,76.88,chickpea
37.88,79.42,23.03,18.41,23.79,5.81,106.92,kidneybeans
28.33,57.77,20.72,15.72,23.35,5.53,147.84,kidneybeans
18.95,65.56,20.13,19.1,22.01,5.87,71.3,kidneybeans
32.4,56.05,17.93,18.11,24.69,5.66,61.53,kidneybeans
34.83,73.5,24.32,21.77,19.4,5.5,129.31,kidneybeans
22.92,77.95,18.97,21.06,18.76,5.76,132.64,kidneybeans
36.43,62.0,15.87,18.65,23.98,5.52,70.82,kidneybeans
37.65,76.46,21.17,17.18,21.07,5.64,83.9,kidneybeans
21.92,62.31,16.14,24.88,23.93,5.85,61.58,kidneybeans
39.59,77.77,18.45,19.54,24.25,5.53,86.4,kidneybeans
18.52,73.85,20.07,21.88,18.44,5.92,129.58,kidneybeans
20.05,75.12,23.74,16.41,24.18,5.5,106.62,kidneybeans
19.61,55.45,19.94,19.86,21.14,5.62,91.33,kidneybeans
37.35,79.07,22.02,15.28,21.57,5.87,93.46,kidneybeans
31.36,73.17,24.93,20.05,22.39,5.66,60.12,kidneybeans
18.8,62.62,16.31,24.64,24.48,5.55,86.98,kidneybeans
26.01,75.73,17.75,18.84,18.13,5.68,118.18,kidneybeans
30.38,62.04,18.95,15.39,21.34,5.64,147.68,kidneybeans
17.09,76.82,19.22,15.31,22.81,5.92,136.24,kidneybeans
37.06,57.81,19.11,18.88,23.06,5.66,62.12,kidneybeans
35.09,72.59,24.08,16.6,22.85,5.89,140.87,kidneybeans
27.63,68.52,22.14,15.23,18.94,5.95,130.49,kidneybeans
39.18,57.41,21.08,22.56,20.1,5.72,130.23,kidneybeans
25.44,61.05,18.09,19.59,20.51,5.95,101.22,kidneybeans
39.6,55.31,23.24,17.89,23.63,5.69,95.82,kidneybeans
31.7,66.72,24.55,24.0,19.95,5.98,87.26,kidneybeans
30.87,62.53,23.21,16.16,19.47,5.54,65.91,kidneybeans
19.15,69.96,15.02,24.56,24.7,5.84,80.54,kidneybeans
37.05,62.43,21.36,18.14,18.06,5.75,82.19,kidneybeans
25.69,62.5,15.51,23.88,24.98,5.69,103.57,kidneybeans
19.06,73.58,17.58,21.03,22.74,5.82,127.27,kidneybeans
15.32,56.2,15.6,23.27,23.8,5.85,102.64,kidneybeans
28.99,77.57,21.04,24.84,20.06,5.5,65.21,kidneybeans
28.18,76.31,21.87,17.88,18.1,5.58,146.2,kidneybeans
32.98,71.7,16.14,24.61,23.17,5.86,144.85,kidneybeans
37.26,69.83,18.84,18.89,23.84,5.83,130.67,kidneybeans
16.99,77.31,19.56,18.86,23.18,5.98,149.22,kidneybeans
33.29,59.63,18.69,18.4,19.0,5.88,109.0,kidneybeans
19.69,56.97,16.21,20.41,23.27,5.98,146.65,kidneybeans
36.45,60.99,19.19,16.54,23.38,5.85,66.8,kidneybeans
35.48,74.86,22.51,20.54,22.61,5.65,92.91,kidneybeans
28.52,55.87,15.71,20.42,23.36,5.55,80.28,kidneybeans
32.76,69.57,15.8,22.62,23.92,5.89,77.62,kidneybeans
22.86,79.89,18.55,23.34,22.3,5.82,72.67,kidneybeans
26.78,76.39,24.42,19.4,18.62,5.52,116.02,kidneybeans
35.54,68.04,21.69,18.02,21.41,5.68,130.32,kidneybeans
26.48,56.59,21.79,17.59,18.54,5.98,112.05,kidneybeans
23.94,75.78,18.62,16.95,20.85,5.75,73.23,kidneybeans
27.36,69.97,20.94,15.58,20.85,5.72,133.0,kidneybeans
35.71,57.87,15.1,18.42,18.46,5.73,117.24,kidneybeans
23.38,57.35,21.36,17.7,20.44,5.6,94.93,kidneybeans
19.34,77.74,24.13,24.66,18.78,5.68,120.67,kidneybeans
32.8,71.73,21.13,20.58,23.66,5.68,83.39,kidneybeans
35.65,75.73,23.74,18.47,24.63,5.53,91.07,kidneybeans
17.52,76.97,22.24,20.8,18.51,5.88,142.57,kidneybeans
21.0,69.29,16.21,16.39,24.69,5.71,86.15,kidneybeans
18.55,67.94,24.02,19.44,21.66,5.91,102.3,kidneybeans
23.7,65.76,15.66,21.26,20.1,5.93,140.11,kidneybeans
26.26,62.92,20.34,19.89,18.54,5.61,123.69,kidneybeans
33.72,65.86,16.42,19.02,21.5,5.83,65.6,kidneybeans
31.28,74.35,15.12,24.94,23.56,5.74,73.26,kidneybeans
30.52,70.05,19.22,23.8,22.95,5.94,60.71,kidneybeans
23.81,77.31,17.95,21.23,18.35,5.61,116.78,kidneybeans
36.04,66.08,19.86,20.69,18.51,5.84,100.29,kidneybeans
26.78,70.18,20.77,21.21,20.82,5.8,72.08,kidneybeans
39.48,70.78,15.44,17.01,20.07,5.65,146.21,kidneybeans
30.85,69.79,16.23,18.95,19.63,5.57,107.67,kidneybeans
18.16,72.57,20.59,15.39,19.97,5.83,81.77,kidneybeans
31.9,60.94,18.43,19.76,23.62,5.87,105.05,kidneybeans
23.13,67.81,22.29,20.43,24.5,5.66,121.17,kidneybeans
32.16,57.61,21.52,17.28,20.84,5.82,66.86,kidneybeans
16.74,64.61,23.46,24.64,24.34,5.7,84.72,kidneybeans
19.37,67.19,21.92,24.09,20.25,5.86,132.63,kidneybeans
36.39,71.31,19.3,22.22,21.34,5.6,101.37,kidneybeans
20.68,78.76,21.73,20.33,19.58,5.95,109.19,kidneybeans
35.93,70.02,17.75,23.7,22.48,5.64,98.95,kidneybeans
21.98,73.59,18.06,16.31,24.85,5.68,63.95,kidneybeans
31.07,67.66,22.89,22.91,22.22,5.53,74.92,kidneybeans
32.35,70.85,19.46,16.25,20.5,5.56,100.1,kidneybeans
27.82,56.77,22.98,22.94,22.53,5.76,78.83,kidneybeans
22.63,61.36,23.22,17.76,18.86,5.63,64.5,kidneybeans
20.32,64.05,23.58,23.77,24.22,5.92,135.93,kidneybeans
15.83,66.81,24.17,24.44,21.52,5.51,148.31,kidneybeans
22.6,56.14,19.31,16.49,21.15,5.69,131.38,kidneybeans
31.33,58.5,18.19,19.63,22.1,5.67,136.84,kidneybeans
38.46,61.92,20.82,24.81,22.37,5.51,81.78,kidneybeans
36.78,79.29,18.71,19.83,18.5,5.56,146.46,kidneybeans
34.15,63.28,21.01,23.64,22.78,5.71,77.72,kidneybeans
34.71,67.05,22.06,20.89,19.69,5.75,145.63,kidneybeans
31.62,59.9,21.88,18.75,23.0,5.7,149.53,kidneybeans
21.51,70.27,18.75,17.86,23.76,5.77,124.06,kidneybeans
37.68,62.02,16.67,17.03,23.63,5.8,148.3,kidneybeans
31.77,60.17,19.31,22.62,21.87,5.5,111.26,kidneybeans
29.01,67.91,16.43,18.87,21.64,5.73,83.36,kidneybeans
17.77,55.14,23.9,20.11,19.0,5.98,99.33,kidneybeans
26.18,55.19,18.46,19.92,23.43,5.76,113.42,kidneybeans
26.51,60.48,16.54,20.77,19.9,5.84,66.58,kidneybeans
36.61,55.92,15.25,23.66,21.48,5.66,116.01,kidneybeans
28.67,57.7,21.46,24.81,19.99,5.89,148.31,kidneybeans
24.51,63.47,21.37,19.08,18.94,5.89,77.11,kidneybeans
34.81,58.2,21.73,28.93,49.37,6.08,97.4,pigeonpeas
37.7,74.14,22.97,35.48,47.61,7.49,100.44,pigeonpeas
38.59,55.0,17.5,37.15,36.79,6.4,199.88,pigeonpeas
39.0,65.41,21.25,32.34,60.06,5.8,125.93,pigeonpeas
28.04,68.06,20.72,30.59,53.69,5.55,172.3,pigeonpeas
39.43,56.37,23.33,32.34,59.33,5.88,178.73,pigeonpeas
33.93,79.33,24.06,35.23,60.06,5.93,184.38,pigeonpeas
19.04,60.65,15.12,28.09,56.19,5.17,199.74,pigeonpeas
26.92,62.6,21.74,33.89,45.37,5.92,116.56,pigeonpeas
32.96,62.6,15.52,34.13,51.37,6.16,94.44,pigeonpeas
21.18,60.76,20.49,34.38,35.61,6.81,135.23,pigeonpeas
31.02,55.04,17.88,30.42,53.58,6.64,104.31,pigeonpeas
31.67,73.23,18.07,35.14,36.27,6.77,92.47,pigeonpeas
19.07,79.17,18.53,28.91,54.29,5.02,129.65,pigeonpeas
29.13,60.61,21.21,29.99,38.04,5.54,176.21,pigeonpeas
34.29,71.58,18.34,36.77,34.11,6.65,152.28,pigeonpeas
27.47,73.55,22.33,35.39,35.78,6.21,124.41,pigeonpeas
15.3,76.21,19.05,28.14,30.07,5.01,161.98,pigeonpeas
15.23,65.57,15.68,30.48,55.16,7.01,115.52,pigeonpeas
23.93,62.57,22.84,30.14,55.63,6.93,91.58,pigeonpeas
38.15,63.13,17.86,30.71,48.02,6.37,174.08,pigeonpeas
20.72,72.82,19.33,30.48,35.65,5.17,158.61,pigeonpeas
30.86,75.42,21.85,28.63,32.92,6.92,173.85,pigeonpeas
20.55,59.54,18.32,32.59,30.67,6.46,94.28,pigeonpeas
23.04,64.27,15.57,35.33,35.8,6.95,182.08,pigeonpeas
36.2,77.55,18.74,34.07,61.18,6.88,158.15,pigeonpeas
33.22,75.17,24.44,34.73,38.45,7.01,151.97,pigeonpeas
17.38,79.62,21.42,28.81,42.4,6.3,158.71,pigeonpeas
25.72,73.86,21.71,37.51,33.69,5.35,185.09,pigeonpeas
15.73,64.83,21.32,36.38,37.78,6.68,154.56,pigeonpeas
27.02,69.77,16.99,36.05,48.17,6.55,153.9,pigeonpeas
31.56,71.53,19.18,36.23,51.27,6.86,198.97,pigeonpeas
17.96,56.96,22.51,37.33,38.59,5.42,173.24,pigeonpeas
22.22,68.61,16.01,33.44,32.02,5.49,138.65,pigeonpeas
24.95,72.73,17.78,30.0,43.69,7.23,167.81,pigeonpeas
37.99,59.18,17.76,34.17,38.2,6.87,132.82,pigeonpeas
39.83,74.52,19.32,35.43,37.68,7.27,115.18,pigeonpeas
16.12,69.59,24.8,35.38,63.6,6.9,155.65,pigeonpeas
34.03,78.81,15.68,33.21,51.57,6.49,192.1,pigeonpeas
24.29,56.06,20.19,28.68,49.49,6.64,192.21,pigeonpeas
24.81,61.63,16.79,31.71,44.55,7.22,127.61,pigeonpeas
33.86,70.04,24.71,37.21,45.01,6.45,148.04,pigeonpeas
37.96,62.41,16.13,33.84,48.93,6.58,113.28,pigeonpeas
38.77,72.86,19.04,33.38,54.38,5.39,199.52,pigeonpeas
29.43,73.98,22.38,30.69,54.58,6.18,197.92,pigeonpeas
23.93,57.56,22.05,31.68,36.01,6.79,161.45,pigeonpeas
34.69,67.85,19.23,36.95,47.5,5.68,178.49,pigeonpeas
21.28,67.72,18.47,34.66,44.42,5.51,168.66,pigeonpeas
29.1,64.23,18.98,35.87,60.47,5.78,155.25,pigeonpeas
23.96,78.32,17.64,32.54,52.1,5.6,95.87,pigeonpeas
31.42,75.69,17.05,34.3,48.64,5.54,140.02,pigeonpeas
21.01,72.43,19.83,30.48,34.04,6.06,164.23,pigeonpeas
19.79,72.86,17.69,35.05,51.2,7.27,164.53,pigeonpeas
37.96,66.54,17.87,32.28,34.1,6.27,131.04,pigeonpeas
17.55,78.02,21.57,32.43,41.8,5.47,193.59,pigeonpeas
27.65,72.36,24.69,34.49,35.0,5.19,108.41,pigeonpeas
20.52,73.22,21.04,37.36,54.22,6.74,145.04,pigeonpeas
15.97,76.54,15.77,28.64,37.22,5.96,166.0,pigeonpeas
15.9,61.85,15.76,36.25,43.72,7.05,166.68,pigeonpeas
19.38,75.18,24.51,30.92,61.35,6.65,161.35,pigeonpeas
36.67,59.88,17.97,32.44,37.15,6.99,120.28,pigeonpeas
22.06,63.63,15.92,28.22,47.77,5.68,107.18,pigeonpeas
38.76,63.39,20.99,31.01,44.67,6.73,159.95,pigeonpeas
29.54,79.46,21.24,33.03,30.63,5.66,155.92,pigeonpeas
25.92,76.41,21.49,28.56,57.75,7.35,109.73,pigeonpeas
29.5,72.53,17.67,32.91,32.42,6.59,167.57,pigeonpeas
27.92,73.18,15.15,37.27,46.6,5.81,140.07,pigeonpeas
33.97,69.05,24.65,29.05,49.62,5.67,163.45,pigeonpeas
22.06,78.68,17.51,35.64,51.99,5.48,182.11,pigeonpeas
23.83,67.41,21.76,32.1,54.1,6.74,108.67,pigeonpeas
37.35,64.51,22.07,34.55,38.86,5.55,92.11,pigeonpeas
38.66,59.08,21.1,30.6,30.35,6.49,175.7,pigeonpeas
37.31,74.66,18.13,29.59,55.32,5.66,157.07,pigeonpeas
25.49,73.36,17.71,29.6,48.75,6.65,166.96,pigeonpeas
34.51,64.61,20.98,28.7,59.26,7.04,182.2,pigeonpeas
26.91,55.63,23.66,29.86,58.75,6.95,178.31,pigeonpeas
27.44,75.97,24.47,34.64,59.52,6.9,195.7,pigeonpeas
20.12,55.29,16.06,36.82,46.98,5.47,148.95,pigeonpeas
29.78,72.59,16.55,36.14,41.68,5.22,143.73,pigeonpeas
19.65,79.26,24.45,34.85,57.7,6.75,134.21,pigeonpeas
23.29,65.94,22.37,29.1,45.8,5.92,106.91,pigeonpeas
36.38,60.87,23.83,30.89,36.42,6.08,152.99,pigeonpeas
20.18,72.62,17.03,31.1,59.92,5.08,120.47,pigeonpeas
16.78,75.43,20.88,30.5,60.89,5.65,191.34,pigeonpeas
16.73,68.66,22.01,33.15,46.32,5.08,154.15,pigeonpeas
38.52,79.18,21.8,33.36,32.65,7.2,155.21,pigeonpeas
27.67,56.29,19.08,31.57,43.57,5.61,129.04,pigeonpeas
25.24,67.62,15.15,31.54,58.12,6.39,95.72,pigeonpeas
35.27,72.96,20.83,36.29,61.56,5.1,93.49,pigeonpeas
35.9,76.57,17.53,35.89,37.12,6.67,136.57,pigeonpeas
23.3,59.48,19.5,31.08,32.34,5.81,99.3,pigeonpeas
32.34,75.0,24.58,37.14,60.71,7.24,156.75,pigeonpeas
34.28,68.82,18.99,37.53,43.63,7.22,186.91,pigeonpeas
31.37,64.91,23.4,31.27,48.96,5.81,187.12,pigeonpeas
18.79,58.29,16.89,31.54,63.88,7.25,162.49,pigeonpeas
36.9,76.63,21.72,33.06,32.33,7.49,113.24,pigeonpeas
28.48,58.93,24.77,37.41,52.69,7.06,184.93,pigeonpeas
22.06,62.74,16.02,36.76,32.59,7.11,187.47,pigeonpeas
25.63,62.25,15.08,29.03,43.14,5.62,111.63,pigeonpeas
15.94,76.79,19.34,31.93,58.13,6.44,171.12,pigeonpeas
8.6,38.53,21.11,26.37,50.78,7.22,58.41,mothbeans
24.08,49.27,21.78,31.51,49.48,8.74,49.19,mothbeans
29.92,39.63,18.18,30.55,62.88,8.44,54.67,mothbeans
0.9,41.97,23.48,31.87,46.28,4.5,37.86,mothbeans
26.92,40.47,24.47,26.08,61.11,4.47,43.32,mothbeans
18.68,39.57,23.85,31.76,52.1,5.24,59.87,mothbeans
29.2,55.64,22.39,27.45,52.85,5.85,73.44,mothbeans
13.95,42.14,17.77,26.78,47.71,6.15,32.27,mothbeans
25.42,58.18,17.82,24.4,54.33,7.92,70.07,mothbeans
1.87,59.25,24.63,24.42,48.13,3.87,55.96,mothbeans
10.06,49.28,15.1,29.54,40.98,3.73,55.38,mothbeans
2.01,38.58,22.16,27.66,46.8,6.05,52.51,mothbeans
29.26,44.36,22.06,25.81,40.16,8.03,33.12,mothbeans
24.51,54.94,21.23,28.91,64.46,4.76,34.04,mothbeans
25.58,44.18,24.9,26.02,64.14,7.67,57.04,mothbeans
28.14,37.18,18.12,28.62,49.88,5.19,45.34,mothbeans
2.55,48.92,18.4,26.87,58.21,9.26,71.28,mothbeans
11.57,56.13,15.79,30.59,48.65,9.32,48.3,mothbeans
2.13,54.9,19.43,30.57,56.78,5.43,36.45,mothbeans
6.32,39.38,17.61,27.82,60.14,4.99,62.16,mothbeans
6.88,51.82,18.43,26.81,63.67,6.17,43.2,mothbeans
14.07,40.51,23.35,26.9,50.01,5.06,53.65,mothbeans
8.06,40.46,24.35,30.45,59.58,7.87,61.4,mothbeans
3.03,56.85,16.86,26.63,46.65,8.87,70.51,mothbeans
5.02,41.24,18.73,25.67,64.76,7.88,65.65,mothbeans
4.42,41.58,24.29,24.68,40.64,8.86,60.44,mothbeans
29.19,35.02,15.62,27.73,55.09,6.08,60.58,mothbeans
22.78,56.77,15.92,27.86,56.49,4.52,72.57,mothbeans
29.03,54.81,16.63,30.73,57.2,8.3,43.31,mothbeans
13.19,50.68,20.95,25.77,43.01,5.84,30.05,mothbeans
8.35,53.76,16.5,27.05,63.46,7.86,42.24,mothbeans
23.95,38.8,24.68,30.47,44.53,5.26,39.81,mothbeans
9.79,46.46,19.47,30.59,55.57,4.03,59.78,mothbeans
8.98,43.78,20.02,27.08,45.57,9.95,58.52,mothbeans
6.98,37.34,17.47,27.67,47.68,4.52,56.71,mothbeans
3.89,47.15,19.71,26.43,53.66,9.92,30.73,mothbeans
7.69,58.02,21.62,31.46,50.43,9.85,62.8,mothbeans
10.66,36.0,22.51,24.95,44.01,8.66,44.56,mothbeans
20.22,42.29,22.54,31.47,44.27,7.79,59.93,mothbeans
1.88,40.19,20.78,29.47,50.45,7.26,55.05,mothbeans
6.32,40.95,24.04,28.25,58.93,9.13,45.42,mothbeans
24.27,57.71,23.17,24.26,62.45,5.38,36.06,mothbeans
4.41,46.7,22.57,27.8,42.1,6.54,34.25,mothbeans
10.28,46.66,15.56,27.26,49.83,7.53,67.42,mothbeans
25.94,54.01,15.07,25.29,42.51,6.17,71.33,mothbeans
4.65,38.86,17.12,29.25,40.41,6.28,59.24,mothbeans
2.48,47.18,21.64,31.77,56.54,5.65,34.65,mothbeans
14.54,45.75,19.11,28.5,55.06,7.17,48.09,mothbeans
9.07,49.92,19.02,29.72,44.08,9.03,62.8,mothbeans
16.9,59.99,23.85,24.55,45.85,4.81,65.09,mothbeans
24.11,54.24,23.96,27.34,40.59,9.57,35.32,mothbeans
4.11,44.95,24.09,24.93,60.87,7.98,30.0,mothbeans
17.42,55.69,18.14,28.9,64.37,8.85,62.05,mothbeans
15.17,39.27,21.91,31.51,43.39,7.12,46.05,mothbeans
4.32,35.76,17.72,29.29,45.79,8.57,41.45,mothbeans
18.72,40.11,16.91,24.61,61.71,3.61,30.58,mothbeans
8.21,43.51,16.85,26.84,63.16,8.82,54.31,mothbeans
14.64,47.76,18.42,28.41,50.49,3.76,68.3,mothbeans
2.47,50.38,19.3,27.23,41.27,9.28,73.09,mothbeans
13.79,57.77,23.31,30.67,40.98,9.95,55.46,mothbeans
9.19,47.75,16.2,30.52,54.35,5.41,53.15,mothbeans
24.67,47.53,22.35,28.89,49.82,4.87,33.83,mothbeans
1.71,36.26,20.31,26.99,40.72,8.47,54.7,mothbeans
12.56,35.87,17.88,26.04,54.58,5.14,47.1,mothbeans
13.75,48.78,19.93,24.85,40.28,9.13,57.32,mothbeans
21.75,45.95,18.0,26.84,59.68,4.17,47.49,mothbeans
17.23,55.98,20.96,27.31,47.66,4.32,40.81,mothbeans
20.02,39.02,19.34,29.41,41.01,9.86,34.27,mothbeans
23.31,35.62,16.64,29.27,54.71,7.88,44.17,mothbeans
25.87,46.23,16.17,24.56,49.94,9.0,34.35,mothbeans
9.42,40.94,20.47,27.16,64.35,5.61,37.96,mothbeans
16.14,36.24,24.02,25.45,53.6,7.9,74.43,mothbeans
25.2,53.11,18.44,25.25,46.88,7.36,49.98,mothbeans
29.68,37.79,22.33,30.62,57.74,7.42,53.93,mothbeans
26.69,50.21,21.59,24.34,46.79,7.94,69.31,mothbeans
11.14,42.03,24.32,27.35,62.61,7.24,74.8,mothbeans
5.85,39.34,23.21,25.35,49.37,6.29,56.22,mothbeans
14.68,44.49,20.67,31.03,53.75,5.29,66.56,mothbeans
22.25,55.04,21.57,28.46,41.26,8.5,44.71,mothbeans
14.78,44.8,23.98,25.85,50.65,4.97,43.76,mothbeans
14.5,53.77,19.0,28.02,60.81,8.0,48.12,mothbeans
25.15,38.14,18.27,29.85,60.14,5.02,60.26,mothbeans
10.84,54.32,15.11,31.66,45.61,7.56,60.7,mothbeans
25.79,40.92,23.27,25.76,45.65,8.36,44.19,mothbeans
12.2,51.93,23.01,31.09,60.43,4.92,35.99,mothbeans
9.85,49.14,16.04,31.47,63.26,3.89,58.46,mothbeans
13.62,58.23,20.77,31.33,42.38,4.35,35.77,mothbeans
22.87,44.68,19.64,29.08,51.25,7.44,56.03,mothbeans
3.78,36.65,16.19,29.04,48.44,9.02,61.2,mothbeans
5.89,35.48,24.81,27.23,61.77,3.79,61.53,mothbeans
28.54,55.67,17.15,30.02,42.09,8.27,63.91,mothbeans
5.26,48.12,15.67,28.25,45.28,5.72,69.28,mothbeans
17.03,54.38,20.95,29.42,58.81,6.61,52.5,mothbeans
17.38,40.86,22.39,27.43,41.28,9.54,62.86,mothbeans
14.69,43.63,15.32,29.85,52.31,5.66,57.86,mothbeans
19.34,35.75,21.59,30.6,51.05,6.52,38.4,mothbeans
6.89,59.04,20.32,25.17,48.36,3.59,31.16,mothbeans
16.58,51.7,16.03,30.66,49.86,4.03,42.8,mothbeans
11.17,58.33,16.73,28.32,53.25,5.18,49.94,mothbeans
19.85,41.64,20.68,30.76,44.03,3.68,57.77,mothbeans
25.5,37.02,16.23,28.8,81.99,6.45,38.1,mungbean
5.89,58.49,20.19,28.54,87.83,6.27,36.76,mungbean
3.77,53.88,17.46,27.86,89.09,6.86,57.74,mungbean
28.9,49.67,18.58,27.02,83.7,6.8,39.75,mungbean
3.24,55.71,24.9,28.49,87.51,6.62,55.53,mungbean
14.35,37.0,21.84,27.86,88.97,6.62,48.62,mungbean
17.57,46.92,24.49,29.2,88.46,6.99,36.95,mungbean
16.24,50.75,16.43,27.07,81.83,6.4,58.89,mungbean
2.58,55.72,18.82,28.75,89.56,7.02,41.17,mungbean
1.71,54.59,20.55,29.82,83.77,6.85,56.49,mungbean
3.16,41.93,15.77,27.52,83.39,6.62,39.22,mungbean
17.57,58.52,15.04,28.41,80.62,6.66,56.35,mungbean
16.33,38.11,21.7,27.27,84.86,6.46,35.33,mungbean
7.01,56.88,21.42,28.88,81.09,6.95,47.79,mungbean
19.13,59.27,19.11,28.65,82.49,6.71,54.24,mungbean
24.6,39.43,19.9,28.22,83.17,6.52,58.37,mungbean
1.25,53.05,19.15,28.56,88.09,6.8,57.73,mungbean
14.94,36.01,15.24,29.69,88.75,7.2,55.49,mungbean
20.68,45.14,18.35,27.59,83.02,6.64,57.2,mungbean
7.57,47.91,16.77,27.07,88.59,7.12,39.98,mungbean
9.23,49.52,15.98,29.58,88.57,6.55,42.1,mungbean
18.41,58.4,24.57,28.73,87.65,6.25,42.22,mungbean
26.94,51.81,20.99,29.67,81.47,6.4,44.43,mungbean
24.3,47.03,22.29,28.79,86.9,6.62,44.83,mungbean
17.49,55.24,18.15,29.43,89.45,6.42,48.61,mungbean
21.91,58.76,18.93,28.29,86.83,6.2,39.0,mungbean
10.94,35.55,17.37,29.25,83.32,7.12,52.28,mungbean
19.23,59.56,15.97,29.74,85.01,7.04,39.19,mungbean
13.99,37.15,16.79,28.72,86.46,6.94,42.76,mungbean
5.7,55.36,22.98,27.54,85.11,6.37,47.58,mungbean
21.05,42.01,21.78,27.81,81.2,6.32,54.91,mungbean
16.69,38.3,20.47,27.6,83.12,6.27,53.49,mungbean
10.76,46.0,19.75,27.74,88.02,6.92,51.14,mungbean
27.34,51.1,24.22,27.92,88.61,7.13,38.89,mungbean
0.63,44.52,15.73,28.67,81.37,6.63,48.68,mungbean
9.47,36.36,17.81,28.76,89.52,6.32,37.19,mungbean
1.71,49.99,18.5,28.28,83.29,6.71,44.43,mungbean
23.0,57.56,22.82,28.85,86.62,6.55,45.34,mungbean
21.06,44.58,24.93,27.24,87.52,6.57,36.0,mungbean
9.94,40.41,17.41,27.26,88.12,6.82,41.85,mungbean
20.27,46.06,23.74,27.52,89.46,6.92,58.89,mungbean
11.88,36.21,23.31,28.55,83.13,6.31,58.84,mungbean
22.69,55.51,17.25,27.64,88.59,6.24,43.81,mungbean
13.63,55.66,18.99,27.85,81.32,7.19,36.08,mungbean
12.37,49.7,19.1,28.2,87.05,6.43,39.48,mungbean
28.04,43.83,24.78,29.44,87.42,6.25,44.81,mungbean
7.53,54.99,16.81,27.04,86.78,6.39,58.69,mungbean
3.61,48.87,22.99,28.95,82.52,6.24,38.53,mungbean
17.54,55.65,18.34,29.01,88.73,6.59,54.09,mungbean
29.08,50.79,22.31,29.4,81.69,7.0,37.72,mungbean
11.34,54.61,19.2,29.8,80.54,6.54,59.53,mungbean
1.86,49.96,20.78,27.06,87.17,6.64,44.54,mungbean
10.18,45.35,23.33,27.46,84.75,6.88,54.38,mungbean
15.18,58.95,23.04,29.66,88.49,6.71,43.56,mungbean
4.86,48.53,23.66,28.38,83.83,7.06,50.69,mungbean
19.74,50.13,15.6,28.69,81.68,7.07,39.8,mungbean
29.93,40.51,21.92,28.99,88.36,6.21,38.65,mungbean
13.55,50.64,16.4,29.04,85.49,6.98,58.45,mungbean
10.64,49.29,19.16,29.8,81.89,6.66,57.94,mungbean
12.02,39.62,20.49,29.99,87.2,7.19,57.19,mungbean
3.45,36.49,19.03,29.16,85.11,6.68,50.64,mungbean
26.5,50.11,20.2,27.86,86.04,7.19,55.21,mungbean
12.44,54.09,24.97,29.64,84.61,6.95,36.73,mungbean
11.62,48.09,16.35,27.15,88.29,6.45,43.37,mungbean
19.79,40.67,21.75,27.69,88.3,6.74,42.84,mungbean
13.26,51.66,18.96,29.69,87.09,7.19,50.89,mungbean
19.45,37.0,16.33,27.77,81.05,7.06,43.9,mungbean
1.84,46.05,16.59,27.66,88.39,6.3,38.71,mungbean
24.41,39.08,24.49,27.41,86.71,6.91,49.91,mungbean
28.22,39.61,23.8,29.58,86.97,6.55,55.36,mungbean
19.46,40.06,24.07,28.5,83.63,6.21,44.55,mungbean
28.64,44.67,24.92,29.02,88.79,6.6,38.31,mungbean
4.54,36.28,17.08,27.72,87.25,6.43,39.92,mungbean
14.32,44.94,18.55,29.27,81.13,7.02,40.94,mungbean
18.05,47.79,21.69,29.28,84.08,6.54,42.5,mungbean
17.45,47.08,19.84,27.94,88.86,7.03,51.07,mungbean
12.04,44.57,19.18,28.23,80.47,6.2,50.02,mungbean
10.14,55.98,18.58,27.63,89.61,6.51,52.4,mungbean
3.8,38.63,20.94,29.93,86.79,6.44,44.06,mungbean
11.75,47.64,20.76,28.94,86.31,6.43,55.6,mungbean
4.88,36.55,16.61,29.8,82.71,6.27,40.1,mungbean
22.03,36.78,19.72,27.91,82.49,6.39,46.73,mungbean
6.26,49.35,20.53,29.35,89.42,6.76,55.02,mungbean
1.76,49.15,20.7,29.3,82.98,6.49,39.5,mungbean
16.57,56.95,17.1,29.07,87.76,6.62,37.75,mungbean
17.86,48.95,22.42,29.9,83.93,6.58,57.09,mungbean
26.16,58.99,15.25,28.18,81.39,7.08,43.57,mungbean
17.31,36.22,18.55,27.39,80.11,7.11,52.1,mungbean
10.36,37.45,22.8,29.02,85.44,6.69,35.63,mungbean
24.09,36.1,20.64,29.19,89.76,6.53,52.25,mungbean
16.21,39.63,17.61,28.73,83.69,6.31,42.9,mungbean
2.38,48.53,21.95,27.62,83.57,7.15,36.39,mungbean
16.98,51.14,20.67,28.51,83.44,6.26,50.25,mungbean
27.24,36.14,22.96,27.94,85.21,6.5,41.02,mungbean
11.89,58.65,22.35,28.28,84.41,6.5,44.67,mungbean
8.89,56.05,21.1,28.94,88.8,6.52,37.01,mungbean
4.3,42.42,19.88,29.24,85.06,6.36,38.68,mungbean
4.54,36.93,16.33,27.7,85.08,6.98,42.45,mungbean
12.98,39.25,17.61,28.22,81.38,6.32,37.24,mungbean
17.87,38.17,19.19,27.81,89.83,6.83,57.77,mungbean
40.12,64.84,19.49,28.04,71.75,6.82,67.78,blackgram
49.68,66.84,20.78,34.83,60.16,7.76,60.77,blackgram
42.46,76.36,20.71,31.43,71.43,7.75,63.49,blackgram
46.15,63.5,18.32,32.18,73.4,6.82,67.38,blackgram
58.52,76.74,18.16,34.77,66.49,6.95,64.65,blackgram
43.23,57.2,16.07,28.77,68.03,7.66,62.73,blackgram
59.32,74.42,18.67,33.02,67.15,7.76,67.56,blackgram
44.12,76.19,15.99,29.35,65.84,7.08,64.84,blackgram
54.83,59.55,22.67,33.7,73.31,6.92,63.87,blackgram
50.93,65.76,24.66,26.81,73.41,7.18,66.96,blackgram
57.69,59.14,24.7,34.48,65.04,7.39,62.0,blackgram
51.08,72.67,23.65,27.19,69.23,6.86,73.92,blackgram
50.69,68.38,21.01,28.26,73.9,7.46,73.02,blackgram
43.91,70.88,22.01,32.56,74.43,6.57,70.61,blackgram
43.32,59.91,17.85,28.94,67.63,6.56,61.59,blackgram
58.33,60.29,21.31,31.08,66.79,7.0,71.64,blackgram
46.56,56.04,19.56,29.45,64.18,6.96,72.12,blackgram
47.44,63.05,19.82,32.42,74.38,6.91,71.52,blackgram
55.2,68.99,22.58,27.28,62.14,7.14,61.71,blackgram
46.78,76.45,17.82,25.58,68.7,6.92,69.66,blackgram
59.04,71.67,18.18,28.0,64.24,6.75,72.51,blackgram
54.76,65.88,24.25,29.74,64.19,6.9,68.66,blackgram
51.95,78.83,15.56,26.68,66.07,7.77,69.7,blackgram
57.62,72.98,19.86,28.55,74.98,7.03,66.88,blackgram
40.99,78.25,24.13,29.0,60.82,7.08,67.93,blackgram
45.14,68.19,21.1,25.57,68.68,7.25,60.52,blackgram
49.3,61.47,20.46,30.83,61.24,7.78,69.58,blackgram
44.54,56.32,17.5,33.84,62.32,6.81,61.22,blackgram
54.88,73.15,18.43,26.52,66.59,7.39,66.53,blackgram
58.38,58.03,23.52,30.98,67.66,7.43,64.39,blackgram
48.48,62.57,20.59,31.65,63.88,7.29,68.18,blackgram
46.84,68.31,20.15,29.19,64.75,6.62,62.0,blackgram
59.23,69.11,16.0,32.01,61.3,7.38,70.37,blackgram
48.9,70.01,15.16,29.11,64.55,6.58,71.93,blackgram
49.78,59.16,24.64,30.05,74.5,7.27,62.45,blackgram
47.03,64.49,18.77,25.07,74.17,7.46,61.56,blackgram
58.19,70.43,21.03,31.92,65.02,6.77,62.18,blackgram
51.38,79.25,15.8,31.61,68.56,7.59,73.16,blackgram
55.24,73.19,21.83,25.38,73.64,6.54,67.92,blackgram
56.24,78.07,24.33,28.68,60.09,7.6,67.01,blackgram
46.84,74.06,20.76,34.79,72.16,7.1,61.6,blackgram
48.67,69.79,16.26,29.21,74.23,6.78,69.74,blackgram
56.97,59.8,20.82,30.02,61.37,6.67,73.02,blackgram
47.27,71.67,22.66,34.1,62.42,7.74,72.42,blackgram
55.88,70.58,19.06,32.17,74.41,6.59,69.39,blackgram
58.82,70.06,23.8,30.82,68.06,6.76,61.13,blackgram
52.46,67.24,21.49,32.98,60.21,6.95,61.69,blackgram
54.83,68.22,23.99,33.64,63.86,7.31,60.74,blackgram
56.1,63.36,21.24,29.57,66.75,7.21,63.86,blackgram
56.9,67.98,16.31,29.75,70.39,6.66,62.03,blackgram
47.9,59.94,18.1,28.86,71.0,6.88,63.9,blackgram
41.03,75.13,17.02,34.67,74.93,6.81,65.78,blackgram
48.04,59.64,24.09,31.97,64.31,6.78,74.14,blackgram
53.48,57.12,22.6,25.83,68.07,7.03,69.16,blackgram
49.01,65.91,21.76,33.63,68.0,7.42,72.52,blackgram
54.98,71.46,18.01,29.81,66.08,6.78,70.66,blackgram
47.14,65.94,16.84,25.69,62.54,6.98,61.69,blackgram
52.69,61.92,22.56,30.5,74.66,7.01,71.04,blackgram
43.73,68.95,19.74,29.17,72.8,7.77,64.13,blackgram
54.99,63.68,17.26,33.78,67.47,7.74,69.59,blackgram
50.91,78.32,21.17,27.04,69.05,7.54,65.11,blackgram
44.08,78.07,15.4,33.26,63.41,6.81,74.97,blackgram
45.84,67.56,18.26,30.58,68.16,6.59,63.95,blackgram
54.97,63.2,19.69,25.55,70.42,6.91,64.19,blackgram
49.65,73.43,16.48,34.72,67.73,6.85,73.96,blackgram
44.32,55.92,24.85,30.13,74.85,7.16,60.37,blackgram
59.35,66.87,17.09,27.91,69.17,7.51,70.45,blackgram
54.3,63.41,16.3,29.69,65.56,7.62,70.88,blackgram
59.14,78.01,17.04,33.58,71.58,7.6,72.55,blackgram
48.54,55.3,22.69,28.05,62.56,6.97,74.62,blackgram
49.5,68.82,19.26,26.93,65.77,7.39,74.63,blackgram
57.96,73.52,20.65,26.29,65.2,6.91,60.98,blackgram
50.5,67.13,15.21,27.98,66.48,6.58,72.33,blackgram
54.15,57.14,15.34,32.8,71.73,7.41,69.69,blackgram
45.04,79.31,19.46,29.72,67.26,6.51,69.71,blackgram
48.93,67.95,23.17,27.27,71.91,7.03,61.93,blackgram
42.47,70.35,23.85,26.66,68.65,6.93,69.75,blackgram
44.12,60.92,15.87,28.33,65.13,7.4,74.74,blackgram
40.02,67.09,20.38,34.4,72.15,7.5,73.68,blackgram
40.79,65.73,24.13,28.43,63.57,6.9,66.59,blackgram
59.55,56.87,18.88,34.88,63.37,7.56,60.6,blackgram
44.85,57.65,23.3,29.85,67.57,6.88,65.43,blackgram
53.27,75.94,16.34,26.79,63.91,7.08,72.4,blackgram
56.78,61.0,24.35,33.91,60.14,7.45,70.52,blackgram
51.01,59.87,22.51,29.6,69.72,7.4,66.89,blackgram
43.06,67.62,24.41,32.1,67.67,7.78,60.83,blackgram
54.56,74.22,21.77,34.84,66.68,6.79,66.4,blackgram
52.01,56.55,18.63,25.5,74.5,7.36,67.04,blackgram
54.63,69.42,24.38,25.97,68.57,7.29,73.93,blackgram
55.39,57.98,17.76,32.2,72.95,7.69,69.62,blackgram
59.51,55.91,18.32,27.82,62.09,6.7,64.67,blackgram
51.47,56.32,22.01,26.84,68.54,7.48,67.88,blackgram
46.83,75.85,22.65,25.39,73.02,7.24,60.99,blackgram
52.97,57.95,24.29,25.22,68.75,6.86,74.59,blackgram
41.37,56.13,17.05,32.74,70.77,7.12,65.4,blackgram
57.95,65.95,22.98,26.34,65.58,6.93,67.17,blackgram
42.39,76.1,22.39,29.68,61.39,7.25,65.33,blackgram
46.56,61.56,15.64,31.06,66.87,7.66,70.24,blackgram
56.31,65.54,18.87,29.28,65.92,7.24,69.93,blackgram
51.95,56.0,17.83,25.27,73.01,7.32,70.73,blackgram
21.7,62.37,17.99,25.58,66.48,6.43,49.07,lentil
22.89,63.86,16.0,24.52,61.72,6.98,43.05,lentil
18.13,69.11,17.72,19.55,68.72,6.38,53.4,lentil
31.39,61.31,23.16,22.51,66.13,7.26,48.01,lentil
15.99,77.88,18.78,19.19,61.57,6.09,36.81,lentil
29.94,61.64,15.88,25.48,69.62,6.17,53.96,lentil
36.74,77.4,18.42,23.36,65.18,6.64,40.17,lentil
37.27,57.59,24.81,27.34,60.73,6.02,41.74,lentil
26.23,71.41,21.3,20.65,66.27,6.19,43.05,lentil
26.48,77.67,19.16,19.97,62.53,7.32,36.02,lentil
16.92,59.22,16.67,22.88,68.04,7.36,44.93,lentil
31.77,79.21,24.86,29.12,68.18,6.46,37.47,lentil
35.53,66.32,23.21,26.53,69.79,7.28,43.02,lentil
21.12,78.64,17.81,23.03,65.02,6.72,42.01,lentil
25.53,71.92,15.7,24.21,64.55,6.3,50.46,lentil
35.97,62.54,15.57,19.01,67.53,6.95,51.06,lentil
36.93,59.71,16.2,29.81,61.32,6.89,38.07,lentil
21.08,62.59,20.81,26.0,65.47,7.38,42.33,lentil
28.76,57.33,24.29,21.42,65.46,6.3,42.47,lentil
19.81,58.6,19.97,25.03,60.89,6.91,38.03,lentil
17.55,57.62,23.43,19.31,64.18,5.98,50.97,lentil
37.78,65.57,19.46,29.59,68.53,6.07,49.14,lentil
35.51,74.89,22.09,20.1,68.56,5.91,38.81,lentil
34.0,58.53,22.32,25.78,60.99,7.4,42.33,lentil
16.22,58.26,16.74,20.95,60.91,7.1,37.12,lentil
36.09,71.09,18.61,26.61,62.63,7.08,47.56,lentil
25.95,59.93,21.37,27.32,68.75,6.66,37.43,lentil
23.56,57.44,15.71,26.08,61.29,6.35,54.72,lentil
28.66,59.17,18.62,25.37,67.2,6.13,50.61,lentil
17.28,78.09,20.35,28.71,61.01,6.33,42.8,lentil
33.92,75.54,24.96,18.94,66.23,6.46,46.57,lentil
29.56,63.85,19.75,21.97,63.56,7.03,53.23,lentil
19.66,71.4,23.16,20.98,67.89,6.71,46.08,lentil
19.71,68.43,19.32,29.86,62.34,6.02,38.49,lentil
19.61,71.93,22.96,22.67,66.39,5.93,42.57,lentil
16.43,72.07,20.95,26.79,62.36,6.05,51.86,lentil
29.69,70.72,23.87,26.22,67.14,6.52,47.88,lentil
36.01,61.65,19.11,20.54,68.74,7.3,48.01,lentil
15.44,55.98,21.04,20.87,61.27,6.86,52.34,lentil
16.23,66.39,21.3,21.38,68.67,7.1,52.88,lentil
29.32,77.27,19.17,22.93,65.94,6.6,53.4,lentil
35.49,69.24,16.44,20.81,61.27,6.44,36.9,lentil
23.17,75.81,15.94,18.24,64.28,6.06,45.88,lentil
23.74,79.79,15.17,28.55,61.61,7.21,49.81,lentil
29.91,59.09,23.74,29.59,67.0,7.07,50.14,lentil
21.86,72.29,17.36,22.1,67.59,6.15,47.13,lentil
15.67,71.86,17.12,22.06,61.06,6.67,38.34,lentil
33.38,79.5,22.36,18.09,65.06,6.63,50.95,lentil
30.64,79.64,18.2,26.16,68.15,6.84,49.4,lentil
29.52,72.17,20.06,27.91,69.36,7.32,36.72,lentil
33.54,61.09,16.63,19.76,65.14,6.77,44.28,lentil
31.88,74.96,24.6,19.92,69.5,6.71,38.48,lentil
20.15,57.68,23.52,27.48,65.36,5.98,41.75,lentil
23.81,74.52,23.64,25.4,63.94,5.99,35.36,lentil
18.15,77.75,19.07,18.54,68.48,6.18,43.01,lentil
18.25,64.57,22.62,25.47,64.93,5.95,46.0,lentil
31.9,70.77,16.44,21.71,64.72,7.02,47.39,lentil
36.47,65.75,15.09,22.42,64.9,6.98,48.27,lentil
39.07,65.94,15.2,27.24,68.47,6.1,51.73,lentil
30.71,62.76,20.87,27.73,68.32,7.15,39.31,lentil
19.6,74.05,19.55,22.8,64.04,6.13,37.41,lentil
17.64,78.4,20.18,29.37,63.33,6.35,52.03,lentil
35.32,78.52,15.07,22.88,64.92,6.27,38.13,lentil
29.47,59.37,19.23,27.26,65.73,6.46,54.5,lentil
30.46,76.87,22.18,23.81,62.38,6.28,51.85,lentil
34.54,73.44,19.43,28.77,67.94,6.63,45.02,lentil
32.58,61.32,22.32,28.89,64.86,6.51,54.63,lentil
35.86,56.68,17.33,19.05,63.34,7.38,36.95,lentil
16.41,61.7,23.13,29.24,61.07,5.98,41.06,lentil
33.69,77.81,20.88,27.91,62.39,6.11,47.76,lentil
36.27,70.83,17.11,27.5,69.49,5.98,42.0,lentil
22.15,73.03,17.37,20.41,63.05,6.84,53.57,lentil
31.01,61.43,21.28,27.66,61.69,5.98,36.31,lentil
22.85,72.98,23.3,28.2,64.61,7.15,45.99,lentil
38.95,55.7,19.16,21.47,63.07,6.67,46.82,lentil
15.84,64.38,17.58,29.43,60.35,6.69,48.05,lentil
29.49,70.67,23.67,18.6,63.23,6.74,40.11,lentil
19.16,58.65,21.69,19.8,65.44,6.16,42.29,lentil
32.81,75.58,19.48,24.45,65.52,6.2,51.87,lentil
19.4,60.88,19.88,24.91,63.57,6.38,38.9,lentil
20.88,71.31,17.04,25.74,64.47,6.79,51.54,lentil
27.36,65.13,21.27,18.2,69.66,6.22,46.25,lentil
37.87,69.9,18.59,29.52,63.77,6.07,50.24,lentil
20.29,57.69,24.96,18.54,62.58,7.36,49.27,lentil
18.61,55.42,19.8,19.72,62.43,5.93,39.15,lentil
33.97,77.74,19.86,18.17,64.58,7.1,46.38,lentil
27.52,61.74,20.66,24.8,67.6,7.08,52.35,lentil
37.79,75.49,24.17,29.19,62.06,6.35,43.64,lentil
18.67,79.98,23.01,25.99,67.09,6.1,54.33,lentil
31.15,60.29,19.51,27.87,60.21,6.12,44.04,lentil
20.82,61.63,22.19,18.16,64.19,6.95,37.86,lentil
18.92,71.57,20.86,24.5,67.76,6.86,42.79,lentil
32.09,79.14,19.92,23.51,63.39,7.07,54.03,lentil
29.84,77.9,16.92,23.99,65.64,7.31,41.39,lentil
33.87,67.57,19.64,18.87,62.05,6.94,52.36,lentil
22.74,74.88,17.46,26.21,67.42,6.13,52.63,lentil
26.2,58.39,24.15,24.04,60.52,6.27,42.0,lentil
25.14,79.44,18.35,27.18,68.53,7.16,36.67,lentil
39.6,79.11,24.52,23.82,61.98,6.21,49.49,lentil
22.31,59.09,20.33,19.79,68.74,6.01,41.23,lentil
34.57,23.68,37.01,21.73,90.71,5.6,102.76,pomegranate
26.07,27.65,35.8,22.17,92.45,5.69,102.39,pomegranate
27.13,14.07,39.74,20.56,88.79,5.87,100.45,pomegranate
34.45,27.47,35.1,23.65,88.03,6.29,107.72,pomegranate
24.56,11.2,35.85,21.66,89.59,6.24,103.15,pomegranate
26.08,27.77,43.08,18.82,93.18,6.86,100.63,pomegranate
24.4,16.58,42.71,18.9,94.3,6.76,102.77,pomegranate
24.18,16.29,44.15,21.76,90.45,6.22,109.62,pomegranate
28.15,20.24,43.55,24.56,91.61,6.07,110.22,pomegranate
35.22,28.81,41.83,20.16,94.03,6.04,105.8,pomegranate
24.04,10.96,35.52,24.09,85.99,6.82,104.99,pomegranate
28.11,17.04,42.83,23.35,87.32,5.59,111.73,pomegranate
31.77,27.13,43.46,19.73,92.09,5.52,102.41,pomegranate
21.74,17.92,42.99,18.25,93.24,6.85,102.58,pomegranate
21.94,13.98,40.08,18.71,93.57,6.31,103.5,pomegranate
38.34,18.5,37.33,23.1,89.15,5.72,102.07,pomegranate
33.09,17.71,43.45,19.4,85.89,5.9,104.55,pomegranate
29.43,28.31,42.27,20.6,89.38,7.09,110.93,pomegranate
31.19,25.24,44.81,21.51,87.31,6.96,107.38,pomegranate
15.73,20.1,36.56,23.08,87.91,6.71,104.94,pomegranate
30.45,29.77,37.26,18.79,92.72,6.32,111.21,pomegranate
27.74,19.31,37.12,20.84,85.76,6.38,100.58,pomegranate
28.64,11.16,42.93,21.4,93.28,7.16,102.52,pomegranate
23.99,15.25,36.87,21.79,89.28,7.14,106.79,pomegranate
17.04,18.72,35.67,23.73,90.96,5.87,107.39,pomegranate
19.83,13.14,44.99,19.2,85.9,6.88,100.47,pomegranate
38.77,28.95,35.25,23.65,88.37,5.84,104.84,pomegranate
25.22,25.34,43.35,22.85,85.9,5.86,107.79,pomegranate
26.67,15.37,38.65,21.89,94.62,6.65,108.38,pomegranate
16.32,21.82,43.42,22.9,93.07,6.19,107.66,pomegranate
15.94,24.43,40.55,20.88,89.6,7.08,103.85,pomegranate
32.93,28.83,44.02,18.97,87.24,5.65,101.12,pomegranate
28.45,27.63,44.26,22.66,94.33,6.37,105.13,pomegranate
27.72,20.3,35.09,21.67,88.45,7.06,101.55,pomegranate
21.08,25.49,35.75,22.48,86.61,7.04,111.37,pomegranate
33.62,21.24,37.5,20.37,90.63,5.77,105.7,pomegranate
19.21,21.05,41.69,24.35,94.44,6.12,103.81,pomegranate
19.75,12.29,43.88,22.11,85.04,6.55,109.2,pomegranate
26.52,12.52,39.6,18.6,87.38,5.77,105.98,pomegranate
22.16,20.59,41.07,21.15,94.38,7.15,103.72,pomegranate
21.19,15.38,36.88,23.29,86.71,7.06,109.74,pomegranate
31.13,10.42,43.05,23.56,86.13,5.78,110.41,pomegranate
31.27,24.46,44.67,21.46,90.7,5.71,108.08,pomegranate
35.61,10.65,37.69,24.26,93.62,5.65,100.56,pomegranate
25.44,21.91,39.95,19.87,89.77,7.05,106.8,pomegranate
16.83,20.78,35.86,20.87,94.95,5.83,109.16,pomegranate
21.84,29.38,40.59,24.29,91.79,6.21,101.64,pomegranate
39.5,19.68,40.03,24.27,85.74,6.26,102.74,pomegranate
29.91,11.27,36.44,22.8,94.93,6.52,110.59,pomegranate
32.74,21.03,39.42,24.01,89.08,5.62,100.24,pomegranate
15.18,26.82,38.34,18.62,87.87,5.89,109.03,pomegranate
27.96,29.94,40.22,24.05,90.58,7.08,105.69,pomegranate
15.94,18.61,40.86,20.24,88.04,7.04,105.36,pomegranate
29.23,16.41,35.08,19.25,85.86,6.83,100.09,pomegranate
38.02,28.13,42.61,19.68,85.01,5.53,109.83,pomegranate
39.21,13.82,42.13,20.93,89.5,6.06,104.32,pomegranate
28.51,22.31,38.66,19.76,93.37,6.57,106.49,pomegranate
26.46,18.11,35.53,20.24,90.72,5.97,108.13,pomegranate
38.63,10.82,42.55,18.94,94.99,7.05,108.43,pomegranate
31.84,16.95,44.55,20.07,87.87,6.58,111.47,pomegranate
16.62,15.3,37.4,22.01,87.8,5.62,106.38,pomegranate
26.64,23.72,38.24,21.09,86.6,7.05,104.8,pomegranate
21.01,28.98,36.84,20.43,86.64,7.13,111.44,pomegranate
26.75,15.36,40.77,23.23,87.85,5.63,107.71,pomegranate
26.39,26.23,36.55,24.25,92.93,6.41,103.58,pomegranate
29.55,11.11,38.56,23.3,94.06,6.02,101.52,pomegranate
23.92,20.76,41.97,20.32,94.75,6.17,110.11,pomegranate
19.11,11.41,40.6,23.21,87.32,5.81,104.35,pomegranate
27.59,28.68,38.86,19.06,93.81,6.48,107.93,pomegranate
35.76,25.33,39.2,18.91,88.28,7.13,105.65,pomegranate
31.6,23.16,40.62,20.42,86.13,6.36,102.39,pomegranate
23.46,26.48,35.06,23.65,93.7,5.64,107.22,pomegranate
38.39,22.95,35.79,19.72,91.36,6.55,100.73,pomegranate
37.81,29.38,43.81,18.44,86.65,6.08,104.96,pomegranate
20.23,24.28,35.78,18.92,89.3,6.96,106.56,pomegranate
15.99,28.49,42.07,24.01,87.87,6.24,105.23,pomegranate
33.53,20.34,44.2,22.44,92.37,5.83,108.98,pomegranate
35.69,12.34,37.71,19.77,89.53,5.82,109.94,pomegranate
39.2,20.56,38.7,21.89,94.89,6.81,109.25,pomegranate
37.25,12.54,40.69,21.69,85.55,5.95,100.47,pomegranate
30.01,21.85,43.82,22.59,88.55,6.8,102.33,pomegranate
28.25,19.65,44.42,19.63,89.82,5.85,106.44,pomegranate
15.7,22.45,42.4,24.05,90.03,6.05,111.22,pomegranate
21.17,10.2,35.87,20.17,88.16,6.29,110.02,pomegranate
26.49,13.9,41.69,22.86,92.29,7.1,110.11,pomegranate
30.71,19.83,39.1,18.11,93.75,7.08,103.64,pomegranate
28.93,29.01,39.71,20.61,94.39,5.85,105.15,pomegranate
33.57,17.67,35.49,20.46,93.05,6.11,105.65,pomegranate
21.99,18.49,36.91,21.8,93.51,5.75,101.89,pomegranate
29.12,24.29,42.91,18.51,90.51,6.37,100.37,pomegranate
17.2,22.08,39.54,23.53,93.26,6.28,111.36,pomegranate
25.34,15.98,38.02,19.52,88.04,7.03,102.89,pomegranate
33.75,18.22,38.84,22.74,88.98,7.08,102.88,pomegranate
32.34,14.35,43.54,23.62,88.17,6.15,101.0,pomegranate
39.77,29.32,42.49,21.93,89.67,6.34,111.14,pomegranate
21.95,12.61,37.72,23.19,87.86,7.02,106.96,pomegranate
27.45,17.44,36.18,22.63,94.62,6.87,108.0,pomegranate
23.24,10.52,37.52,20.49,88.13,5.51,110.94,pomegranate
26.02,14.44,44.21,23.66,85.98,6.04,104.15,pomegranate
36.42,25.61,40.82,20.06,90.27,6.22,107.46,pomegranate
81.55,70.23,48.69,25.65,75.66,6.04,110.04,banana
87.47,75.03,46.36,27.15,81.91,6.33,95.3,banana
113.25,93.98,50.18,26.37,80.72,5.63,107.41,banana
110.67,85.34,46.13,29.44,79.05,5.63,117.12,banana
94.03,76.54,54.34,25.2,78.64,6.06,99.61,banana
95.07,71.67,46.84,29.57,77.17,6.45,110.11,banana
101.34,70.7,47.53,29.16,81.7,5.91,95.64,banana
80.01,76.12,49.07,26.49,84.71,5.83,108.74,banana
89.65,92.04,48.83,28.95,76.76,6.11,100.09,banana
88.33,80.4,52.95,25.16,80.97,6.43,96.34,banana
90.02,88.01,49.56,29.83,79.24,6.34,99.4,banana
112.24,92.96,46.71,27.63,79.47,6.5,95.37,banana
91.19,80.2,47.67,26.52,77.54,5.52,117.06,banana
87.66,74.78,50.09,26.81,83.25,5.61,101.92,banana
100.17,82.93,46.47,25.33,79.85,6.11,97.36,banana
114.63,92.7,51.12,29.95,80.43,6.32,103.45,banana
89.65,90.11,50.66,25.2,78.05,5.79,99.62,banana
83.14,71.65,52.15,28.27,76.82,5.74,112.33,banana
94.26,87.31,54.38,27.21,75.86,6.29,119.14,banana
109.91,84.3,54.12,29.74,82.14,5.56,103.14,banana
102.03,92.69,54.46,26.23,76.96,5.87,115.83,banana
112.67,73.06,47.45,27.66,81.9,6.01,106.98,banana
118.38,83.35,46.32,27.41,78.9,6.06,94.72,banana
111.71,91.99,48.02,28.51,79.16,6.23,110.72,banana
104.15,80.25,53.95,25.34,79.69,5.85,105.4,banana
99.73,82.05,54.72,25.97,78.68,6.11,109.52,banana
81.6,71.76,53.59,26.07,76.01,6.09,116.69,banana
119.37,76.95,46.1,28.69,78.1,6.05,103.21,banana
95.34,78.11,54.47,25.95,81.64,6.14,117.04,banana
86.09,93.63,49.23,27.87,81.66,5.76,112.52,banana
106.67,77.07,45.09,26.08,77.86,5.58,104.66,banana
91.37,81.52,49.42,29.31,79.6,5.62,108.1,banana
103.43,86.78,45.46,29.71,76.93,5.72,99.77,banana
103.47,74.05,50.44,27.59,77.1,6.0,119.51,banana
97.83,82.16,48.39,26.76,75.23,6.34,110.02,banana
113.44,88.46,49.73,26.17,83.97,6.2,91.32,banana
90.6,91.67,51.13,25.25,77.11,6.29,99.8,banana
97.95,85.66,53.69,26.34,77.28,5.85,108.7,banana
101.51,86.73,51.62,28.27,77.8,5.9,91.69,banana
106.54,73.16,49.34,27.67,76.27,5.89,90.72,banana
111.36,93.64,53.19,29.72,81.39,5.69,103.5,banana
95.79,73.31,54.06,26.98,75.75,5.56,99.98,banana
105.84,89.37,46.2,28.47,76.34,6.09,103.15,banana
86.02,76.62,50.32,27.45,81.45,6.49,97.88,banana
117.31,93.34,47.85,27.56,78.4,5.67,94.94,banana
95.32,88.0,45.47,26.34,82.08,5.55,110.67,banana
109.18,88.85,51.69,27.27,80.57,6.28,105.44,banana
80.81,75.48,53.63,27.35,77.56,5.75,96.0,banana
88.21,81.08,46.63,28.53,81.51,6.33,99.59,banana
99.48,85.45,53.12,29.7,76.16,6.2,107.75,banana
115.13,89.25,53.53,26.65,80.36,6.45,92.17,banana
101.09,72.6,54.14,25.21,79.37,5.91,94.42,banana
117.19,94.06,47.65,27.48,77.68,6.16,92.2,banana
99.35,92.26,54.04,27.72,81.04,5.96,114.37,banana
99.62,76.76,48.21,25.84,83.71,6.13,112.57,banana
84.79,90.57,50.52,28.8,84.99,5.95,112.6,banana
112.11,82.96,45.51,29.92,81.08,5.69,111.49,banana
89.88,81.55,45.44,29.73,79.05,6.01,110.08,banana
115.98,77.86,52.2,25.99,77.25,6.03,104.31,banana
116.43,84.52,49.44,29.38,77.57,6.31,109.27,banana
117.73,88.25,47.56,28.52,79.79,6.24,91.15,banana
100.81,80.27,46.9,27.27,78.67,6.16,108.64,banana
107.08,85.73,51.7,27.7,84.14,5.61,113.34,banana
111.14,87.48,45.0,29.25,78.68,6.22,105.01,banana
85.24,87.78,53.06,27.4,78.73,6.0,100.73,banana
104.04,71.3,45.79,26.87,78.84,6.39,98.32,banana
81.37,91.49,46.91,27.47,83.37,6.42,109.28,banana
99.9,81.46,48.86,27.9,81.51,5.56,110.78,banana
86.19,76.56,49.85,25.95,81.14,6.32,116.13,banana
87.32,76.04,48.55,29.5,78.34,5.54,100.27,banana
94.6,82.08,48.21,28.37,83.18,5.87,113.09,banana
97.3,92.17,54.64,28.17,75.38,6.04,106.84,banana
104.93,79.46,51.42,25.5,83.71,5.65,116.49,banana
82.98,88.74,45.23,28.02,80.13,6.25,105.83,banana
100.15,72.42,49.3,25.6,78.98,5.51,105.53,banana
87.31,81.9,53.75,25.39,79.97,5.67,107.34,banana
102.96,94.79,48.01,27.64,81.67,6.08,112.48,banana
105.5,89.26,45.95,27.01,75.13,6.21,118.94,banana
102.27,75.26,52.58,27.94,83.72,6.42,92.21,banana
109.53,82.54,51.06,25.45,79.47,6.21,91.6,banana
93.42,75.84,50.7,27.15,78.43,6.17,118.13,banana
110.6,80.24,45.54,25.87,76.38,5.89,105.9,banana
97.31,89.5,46.4,29.94,79.39,5.5,108.45,banana
99.37,89.28,51.23,27.81,79.96,5.62,104.47,banana
105.92,75.7,47.08,28.44,79.04,6.03,92.81,banana
80.73,93.06,50.04,26.63,81.79,6.18,113.04,banana
106.16,84.81,50.45,25.47,79.21,5.92,112.42,banana
104.74,79.5,47.84,29.88,84.61,6.23,99.35,banana
92.39,82.55,54.48,26.43,80.99,6.02,99.19,banana
83.43,85.13,53.42,27.12,83.07,5.57,115.14,banana
83.64,84.0,52.22,28.25,76.09,5.69,92.17,banana
116.93,82.16,45.78,25.12,78.97,6.34,116.43,banana
107.57,82.62,46.06,29.05,78.37,6.22,97.7,banana
85.08,74.41,49.93,27.68,80.69,6.39,107.79,banana
94.27,90.32,46.61,26.39,83.61,5.62,118.08,banana
103.7,83.54,54.78,25.31,75.78,6.49,110.34,banana
113.42,73.28,46.59,25.81,75.73,5.71,102.43,banana
81.75,89.15,49.87,29.48,83.5,5.51,110.69,banana
89.47,93.31,48.64,28.43,77.13,6.5,100.32,banana
115.59,93.68,51.39,26.25,81.69,5.78,98.32,banana
39.87,15.95,30.77,33.48,53.16,4.98,98.46,mango
30.03,18.08,27.21,33.19,54.88,5.52,92.11,mango
25.79,39.66,27.69,27.86,48.89,6.84,97.5,mango
14.21,22.88,33.03,35.3,45.47,5.44,91.58,mango
1.97,17.88,25.44,32.12,53.01,6.16,89.48,mango
1.24,17.67,34.92,30.27,51.04,5.14,91.41,mango
22.17,32.99,26.3,33.81,46.99,4.82,91.14,mango
30.48,36.36,32.96,29.32,49.95,4.65,93.05,mango
21.5,21.42,28.95,33.24,52.42,5.26,94.02,mango
33.63,15.52,29.92,27.36,52.7,4.89,95.1,mango
1.34,20.58,33.81,34.55,50.0,4.94,94.72,mango
14.67,16.41,29.13,31.03,48.05,6.4,92.25,mango
9.48,17.58,30.37,32.73,54.74,4.54,89.35,mango
17.89,25.79,25.49,28.99,51.63,5.89,96.26,mango
2.9,20.75,25.02,33.09,49.08,5.45,93.75,mango
38.17,27.9,27.45,33.95,47.8,5.77,92.58,mango
8.93,21.34,31.81,31.26,52.31,5.91,99.4,mango
36.89,38.51,26.21,32.56,47.42,5.28,97.96,mango
17.04,37.65,26.14,31.11,46.72,5.24,99.29,mango
39.42,29.17,29.11,35.05,50.3,6.33,94.94,mango
22.16,23.86,31.48,31.48,47.9,6.68,90.57,mango
37.23,24.53,32.12,34.58,51.29,4.98,97.35,mango
0.21,25.3,26.78,34.21,46.18,4.74,91.47,mango
29.93,33.19,25.8,30.69,51.55,6.74,94.29,mango
36.12,26.29,34.4,29.07,47.83,5.37,89.78,mango
5.59,36.42,27.61,30.65,45.0,5.88,98.9,mango
3.85,38.6,33.53,34.44,46.27,5.4,90.51,mango
16.98,23.4,33.63,29.05,54.34,4.81,99.84,mango
37.35,29.02,32.73,31.72,53.67,5.97,99.37,mango
21.7,17.38,26.69,34.25,47.34,5.81,94.57,mango
21.1,20.01,33.22,30.18,52.78,5.01,97.93,mango
5.65,25.34,32.69,32.78,51.09,5.63,96.43,mango
0.03,20.16,30.97,29.21,54.71,6.49,98.64,mango
32.41,36.91,28.37,27.98,48.74,5.98,94.18,mango
3.5,18.96,27.63,34.15,51.81,4.74,98.43,mango
25.35,26.39,26.22,27.89,45.64,5.87,94.55,mango
36.58,30.14,30.1,29.44,48.96,6.26,100.29,mango
8.35,32.3,30.85,34.7,54.64,6.48,94.84,mango
26.61,24.58,28.59,30.12,50.39,6.07,94.55,mango
3.15,36.73,29.75,35.76,47.88,4.88,98.42,mango
24.15,29.21,28.64,35.82,46.2,6.28,98.86,mango
6.56,25.99,31.41,29.41,52.04,6.19,95.65,mango
29.44,16.68,34.01,27.37,51.45,4.56,91.16,mango
12.05,26.62,26.64,33.35,48.74,5.53,94.61,mango
18.54,35.52,28.81,31.06,54.51,5.33,100.62,mango
23.98,30.36,26.41,27.91,45.22,6.17,98.04,mango
6.85,35.8,31.25,33.37,48.04,5.04,98.73,mango
29.67,27.35,32.29,27.28,54.21,5.98,89.39,mango
12.11,17.96,34.32,34.83,48.21,6.78,94.61,mango
26.49,15.34,27.79,28.25,47.52,6.49,96.76,mango
6.33,22.58,34.5,28.15,50.34,6.8,98.96,mango
27.52,32.45,25.63,28.58,53.24,6.95,89.59,mango
5.13,34.76,31.03,35.64,46.03,4.53,99.23,mango
17.01,22.39,25.57,33.24,54.43,6.06,95.58,mango
9.89,27.39,33.94,34.21,52.95,5.53,91.37,mango
29.94,25.53,30.3,30.58,46.81,6.65,92.81,mango
10.48,25.26,31.69,30.03,52.12,5.13,92.38,mango
35.27,20.78,33.32,29.11,48.85,6.95,95.37,mango
35.67,18.41,26.5,31.33,49.02,6.03,89.62,mango
7.86,19.92,25.39,31.97,52.83,6.48,90.9,mango
24.55,16.38,33.79,32.69,54.63,4.71,98.75,mango
3.51,19.95,28.15,29.31,46.27,4.96,90.59,mango
15.66,15.23,26.29,35.54,49.21,6.4,91.8,mango
28.53,30.68,29.68,28.53,49.81,4.55,94.44,mango
26.38,22.91,30.98,35.69,48.76,6.54,95.21,mango
24.99,39.33,25.31,27.13,48.63,4.53,98.16,mango
11.3,19.84,27.75,31.33,45.52,6.14,94.37,mango
15.12,23.65,25.33,30.0,51.86,5.41,98.48,mango
4.12,23.95,29.2,31.04,49.36,6.03,96.42,mango
28.76,15.21,33.95,32.14,46.95,6.24,90.36,mango
20.16,35.98,34.83,30.92,53.16,5.36,90.88,mango
28.35,15.8,31.37,30.73,53.03,4.77,94.24,mango
9.96,38.5,26.62,33.59,49.86,4.67,93.76,mango
12.98,37.3,34.06,33.17,47.98,5.97,97.92,mango
13.37,28.39,30.16,34.5,51.38,5.8,95.97,mango
1.03,28.59,26.54,29.25,47.88,6.36,93.66,mango
13.64,31.34,34.22,32.49,47.36,5.77,91.05,mango
32.13,24.68,32.57,32.27,52.31,5.56,91.72,mango
35.89,31.18,32.32,30.33,45.4,5.5,95.91,mango
20.73,16.12,32.09,31.37,45.95,4.57,94.08,mango
18.22,16.35,27.0,29.82,45.07,5.34,95.18,mango
1.23,26.43,27.11,28.28,46.53,6.94,91.05,mango
35.17,28.74,31.88,28.92,45.69,6.68,96.95,mango
0.52,37.2,27.2,27.95,54.96,5.32,99.23,mango
37.79,17.62,29.39,33.15,47.89,5.97,92.1,mango
19.57,35.57,32.82,32.95,46.49,6.62,94.9,mango
13.68,20.25,32.84,35.56,47.41,5.6,100.71,mango
36.97,24.85,29.53,33.57,54.36,4.54,93.0,mango
0.98,22.92,32.92,27.47,50.2,4.69,96.14,mango
23.26,25.0,33.39,34.96,48.65,5.78,90.08,mango
21.96,18.76,31.55,34.76,53.73,6.92,96.27,mango
8.77,27.59,27.28,30.99,48.95,6.23,90.08,mango
17.16,35.04,27.74,32.27,48.35,4.68,100.51,mango
26.09,26.04,28.15,35.78,47.07,4.97,97.59,mango
29.09,27.27,26.17,31.79,48.78,6.43,98.46,mango
0.03,36.22,27.73,35.15,48.17,6.6,97.45,mango
37.47,32.65,27.1,27.75,51.77,6.04,96.08,mango
6.58,27.26,29.55,28.72,47.9,6.11,94.4,mango
9.34,21.44,34.08,30.97,50.77,4.57,99.3,mango
10.54,37.12,26.04,32.26,45.66,6.57,100.48,mango
29.98,130.61,199.18,37.69,87.64,5.87,74.14,grapes
38.63,127.73,202.14,34.51,82.58,6.41,70.25,grapes
31.67,127.02,203.61,18.34,84.81,6.28,72.25,grapes
30.77,144.31,196.55,15.59,89.92,6.26,69.36,grapes
29.09,123.83,199.52,16.4,86.87,6.11,71.3,grapes
24.19,138.33,199.08,24.14,88.41,6.13,68.41,grapes
20.07,120.01,201.87,31.81,84.15,6.14,68.01,grapes
24.83,134.9,197.5,24.1,87.68,6.13,70.78,grapes
30.19,142.9,201.4,10.17,80.41,6.05,69.98,grapes
27.6,127.2,203.77,31.15,81.23,6.49,70.8,grapes
28.97,124.64,199.18,33.79,82.03,6.23,67.87,grapes
39.61,136.29,204.11,17.26,84.02,6.28,68.67,grapes
27.01,137.82,204.93,29.25,88.46,6.37,65.84,grapes
29.04,137.2,196.06,21.65,83.46,5.72,65.52,grapes
22.67,127.98,197.33,36.45,86.55,5.58,67.53,grapes
20.96,126.31,204.5,35.05,87.09,5.98,65.74,grapes
35.51,143.9,204.58,24.81,85.86,6.01,66.04,grapes
31.41,143.08,195.98,30.13,83.57,6.33,73.13,grapes
35.21,131.43,195.15,36.27,85.77,5.94,65.39,grapes
23.0,141.15,196.61,23.86,83.42,6.07,71.59,grapes
31.44,131.31,204.96,18.02,80.84,6.03,67.73,grapes
25.07,130.61,196.8,32.12,89.93,5.54,73.72,grapes
24.56,123.92,200.03,15.04,81.27,6.12,69.85,grapes
20.23,130.66,203.48,20.43,80.72,6.33,68.06,grapes
22.61,133.44,195.2,35.7,88.79,5.66,70.18,grapes
26.19,120.56,201.04,31.18,83.02,6.09,68.82,grapes
22.34,131.1,197.77,20.92,86.5,6.09,70.64,grapes
39.72,139.53,203.62,14.87,83.29,5.66,66.15,grapes
26.17,137.0,197.83,19.39,83.91,5.62,74.97,grapes
22.61,135.88,201.87,17.09,82.62,6.48,69.26,grapes
23.98,142.74,201.74,13.63,83.43,5.89,68.48,grapes
31.75,120.45,197.21,31.79,84.11,5.73,72.1,grapes
21.28,133.93,195.35,16.07,87.2,5.67,68.64,grapes
37.25,139.68,199.09,22.53,85.12,6.17,73.33,grapes
39.23,133.53,197.89,20.35,89.44,6.11,69.54,grapes
24.93,128.1,203.09,39.43,80.42,6.14,72.2,grapes
29.0,123.41,203.0,20.51,85.03,5.59,66.07,grapes
20.44,142.19,199.57,10.56,85.84,6.39,73.46,grapes
32.81,131.77,201.07,10.87,89.2,5.89,72.36,grapes
28.28,141.95,201.04,26.9,80.49,5.81,67.12,grapes
25.4,134.65,203.27,27.18,85.73,5.96,66.45,grapes
24.14,136.85,199.25,21.4,88.54,5.89,68.16,grapes
33.08,140.11,197.75,21.82,82.42,6.36,74.76,grapes
28.32,136.48,197.65,9.73,88.76,6.43,67.57,grapes
23.59,129.95,200.36,24.53,80.19,5.8,69.56,grapes
33.78,132.84,199.49,24.15,87.32,6.36,65.3,grapes
31.3,140.08,199.4,12.79,89.33,6.28,68.97,grapes
37.17,129.34,195.91,11.32,86.57,6.43,70.71,grapes
22.35,129.7,202.19,11.95,84.39,5.75,74.53,grapes
35.71,122.39,197.14,11.23,80.45,6.08,70.17,grapes
33.47,142.86,196.97,27.51,89.2,5.77,73.19,grapes
22.3,122.28,199.13,14.29,84.7,6.32,70.47,grapes
33.9,136.21,197.28,16.05,80.29,5.51,65.41,grapes
28.83,130.33,200.84,13.55,86.9,6.06,68.15,grapes
38.9,130.14,198.71,38.65,84.82,5.84,70.76,grapes
22.83,136.99,199.49,35.35,81.24,5.82,74.51,grapes
32.86,121.68,200.37,15.38,82.14,6.14,73.59,grapes
27.64,134.84,197.04,18.48,80.64,6.35,67.28,grapes
39.14,139.3,196.56,14.72,85.74,6.11,67.2,grapes
26.6,140.71,203.8,23.74,86.22,6.35,67.01,grapes
39.24,124.26,199.34,8.63,85.06,5.76,74.22,grapes
38.03,142.44,199.12,29.48,88.17,6.02,73.53,grapes
25.41,136.4,195.36,24.74,88.61,5.95,72.75,grapes
36.07,142.05,199.98,36.76,86.16,5.51,68.93,grapes
39.91,132.13,200.54,13.26,80.13,6.06,70.04,grapes
25.05,133.55,200.59,33.73,86.95,6.16,69.64,grapes
28.74,142.98,202.07,33.34,84.18,6.09,67.53,grapes
30.4,142.5,196.77,12.07,85.66,6.24,70.05,grapes
25.9,131.2,197.52,20.75,86.49,6.07,65.3,grapes
20.31,126.86,203.11,13.44,83.5,5.57,66.32,grapes
24.4,129.83,204.47,16.15,89.17,5.62,73.87,grapes
25.64,129.69,196.36,16.42,81.34,6.1,72.52,grapes
28.87,127.17,199.98,25.8,86.72,5.77,69.23,grapes
23.42,126.71,197.14,21.17,80.04,5.58,70.17,grapes
37.47,141.53,195.6,38.33,89.25,5.93,68.7,grapes
34.1,121.75,198.26,12.04,81.13,6.05,72.41,grapes
21.7,136.94,196.44,39.16,80.95,5.83,72.84,grapes
33.0,124.32,202.1,15.38,83.33,6.22,72.63,grapes
33.07,128.61,200.34,32.73,83.74,6.14,72.23,grapes
39.12,121.54,196.44,18.85,82.14,5.83,67.05,grapes
20.06,126.75,195.09,12.58,85.85,6.25,68.38,grapes
24.96,139.21,203.08,35.45,84.43,6.15,69.7,grapes
38.56,142.13,196.76,17.88,80.34,6.14,68.31,grapes
38.64,125.54,201.06,29.08,83.2,6.05,72.55,grapes
34.41,131.59,198.37,26.13,88.1,5.51,68.29,grapes
35.32,131.76,200.85,23.1,86.9,6.2,66.38,grapes
21.83,141.84,198.16,23.87,87.25,5.88,68.99,grapes
30.28,139.07,195.87,31.43,86.98,6.44,74.8,grapes
24.63,132.83,197.23,10.81,83.11,6.32,67.26,grapes
23.62,136.77,196.88,29.38,81.0,6.09,71.12,grapes
36.21,141.18,199.28,36.67,82.72,5.75,69.33,grapes
22.7,120.24,201.58,9.85,88.32,5.7,65.71,grapes
29.37,130.07,197.64,12.5,89.8,5.84,69.88,grapes
38.77,142.68,195.12,30.93,84.94,5.98,72.02,grapes
23.72,138.51,200.19,21.99,80.1,5.8,70.13,grapes
39.56,133.57,201.06,20.91,81.4,6.01,73.72,grapes
39.89,133.24,204.63,12.38,83.22,5.67,67.89,grapes
31.11,128.69,200.89,24.22,85.79,6.48,65.86,grapes
23.4,133.01,199.71,12.05,80.75,5.61,74.37,grapes
26.32,136.38,200.73,23.25,89.43,6.43,68.78,grapes
103.06,28.64,47.65,26.06,85.17,6.02,55.61,watermelon
111.68,16.07,49.95,24.88,87.36,6.77,44.3,watermelon
92.97,19.98,53.47,25.68,85.57,6.17,54.31,watermelon
108.65,16.91,50.05,24.9,89.29,6.04,56.0,watermelon
85.42,28.32,52.48,24.5,83.78,6.65,46.92,watermelon
91.65,6.9,46.39,25.22,84.64,6.77,43.45,watermelon
85.79,17.53,47.52,24.7,80.89,6.81,40.05,watermelon
112.45,22.17,52.32,25.6,86.09,6.49,49.02,watermelon
88.91,24.8,46.65,24.6,82.88,6.21,47.05,watermelon
108.7,19.58,48.51,25.53,81.6,6.74,51.1,watermelon
117.73,27.72,47.65,24.47,85.45,6.7,43.76,watermelon
101.11,28.55,48.5,26.01,85.32,6.25,57.19,watermelon
101.6,6.61,52.08,26.26,80.76,6.9,45.16,watermelon
98.44,15.06,48.68,24.33,86.98,6.1,44.53,watermelon
93.04,5.59,50.55,25.4,86.24,6.98,49.61,watermelon
99.03,13.24,46.0,24.21,81.89,6.86,49.98,watermelon
104.11,18.42,53.05,25.79,84.69,6.69,44.3,watermelon
119.44,27.77,48.7,24.79,87.2,6.94,45.44,watermelon
117.51,26.16,51.49,25.58,85.29,6.72,43.39,watermelon
114.49,8.19,52.25,25.55,83.95,6.19,54.37,watermelon
115.57,7.33,47.1,26.77,83.22,6.44,55.4,watermelon
98.71,19.73,53.85,25.65,86.1,6.07,49.25,watermelon
106.3,18.3,51.16,25.75,89.39,6.39,54.28,watermelon
115.8,11.66,49.29,25.2,86.72,6.74,54.72,watermelon
95.72,27.49,46.82,26.85,80.75,6.39,42.77,watermelon
118.47,28.18,54.42,26.33,84.61,6.33,59.32,watermelon
96.63,15.07,52.55,24.86,88.91,6.6,56.42,watermelon
104.04,27.26,47.08,26.53,80.94,6.87,44.09,watermelon
108.39,14.6,48.38,25.3,89.89,6.05,43.72,watermelon
118.02,23.42,53.1,26.49,89.49,6.39,42.51,watermelon
89.78,16.9,51.96,26.47,80.78,6.16,42.77,watermelon
109.85,8.06,52.66,24.57,89.33,6.7,54.96,watermelon
100.83,28.2,49.41,26.1,83.63,6.11,49.39,watermelon
90.74,16.35,52.16,24.87,88.45,6.66,55.66,watermelon
111.06,23.36,48.86,24.89,84.18,6.29,54.93,watermelon
102.09,14.18,47.11,24.89,84.41,6.2,52.09,watermelon
106.44,5.47,51.33,26.18,86.34,6.94,53.73,watermelon
92.92,7.51,54.76,24.69,87.74,6.02,40.37,watermelon
99.25,17.41,48.11,24.0,80.34,6.44,46.24,watermelon
104.69,22.25,49.61,26.15,85.93,6.02,52.76,watermelon
96.2,13.37,51.74,24.51,81.87,6.48,40.19,watermelon
87.93,22.39,50.42,24.31,83.46,6.5,40.66,watermelon
118.47,22.47,53.43,24.71,83.48,6.32,57.04,watermelon
100.46,22.6,52.62,25.14,84.69,6.13,53.68,watermelon
109.36,17.31,45.58,25.43,83.34,6.38,45.31,watermelon
96.44,27.87,54.98,24.13,81.07,6.67,53.76,watermelon
94.21,17.23,52.52,26.91,81.46,6.78,55.85,watermelon
96.29,16.26,53.64,26.15,80.33,6.53,46.14,watermelon
96.37,9.98,51.51,24.97,84.7,6.59,40.72,watermelon
101.77,12.69,53.56,24.96,89.54,6.2,58.66,watermelon
101.74,6.06,46.12,25.35,81.16,6.29,46.9,watermelon
99.89,20.84,48.48,25.88,89.46,6.16,42.13,watermelon
85.39,11.21,53.76,24.44,87.33,6.25,49.84,watermelon
99.84,12.6,47.02,24.57,86.37,6.22,55.37,watermelon
86.76,24.27,45.78,26.58,86.45,6.52,44.43,watermelon
85.05,13.18,52.88,24.77,88.27,6.56,45.39,watermelon
117.31,11.05,53.35,25.14,81.07,6.94,44.85,watermelon
104.2,9.23,46.63,26.61,85.05,6.2,59.83,watermelon
106.38,24.37,53.54,25.99,86.97,6.64,43.95,watermelon
96.07,8.24,51.87,25.03,85.87,6.82,51.51,watermelon
116.36,16.34,50.2,26.05,88.33,6.56,58.51,watermelon
105.52,17.67,53.3,24.06,80.72,6.26,42.94,watermelon
110.77,22.18,49.19,26.21,86.91,6.26,59.42,watermelon
94.74,20.83,46.94,25.46,85.34,6.04,58.95,watermelon
118.4,25.27,47.85,26.44,83.79,6.31,57.69,watermelon
112.82,6.12,50.05,26.86,83.4,6.74,44.29,watermelon
114.16,12.41,50.31,26.78,86.21,6.05,52.68,watermelon
86.89,12.0,53.06,26.73,88.91,6.22,55.22,watermelon
90.84,8.65,52.91,25.54,84.96,6.71,59.72,watermelon
91.43,12.23,50.81,25.08,88.25,6.78,43.61,watermelon
90.84,12.74,52.81,25.4,84.02,6.46,55.32,watermelon
114.22,18.05,46.92,26.07,81.02,6.7,46.78,watermelon
81.28,21.59,45.5,26.65,80.62,6.39,43.51,watermelon
83.04,14.53,53.74,24.62,80.51,6.16,48.43,watermelon
90.96,22.99,45.76,26.75,83.8,6.4,55.88,watermelon
87.99,13.4,47.47,26.45,83.37,6.58,49.3,watermelon
89.27,12.26,51.95,26.94,87.18,6.95,50.75,watermelon
111.92,18.53,49.09,26.64,87.43,6.07,59.9,watermelon
102.53,5.59,53.76,24.84,80.51,6.51,47.98,watermelon
80.23,6.99,47.98,24.32,82.21,6.33,52.31,watermelon
97.17,15.45,45.12,24.34,82.74,6.51,47.3,watermelon
96.32,28.57,48.01,24.87,85.48,6.02,47.86,watermelon
84.56,23.04,50.78,25.84,81.45,6.31,53.91,watermelon
107.05,7.2,48.76,26.41,81.34,6.82,58.76,watermelon
108.08,26.16,50.35,26.7,89.44,6.55,50.85,watermelon
108.84,23.31,53.77,25.87,88.04,6.45,55.37,watermelon
109.14,20.27,54.12,24.02,81.81,6.29,41.78,watermelon
80.0,25.51,47.66,24.56,84.07,6.3,44.22,watermelon
118.16,15.1,49.62,24.3,83.56,6.38,50.04,watermelon
112.57,10.54,50.49,25.09,87.91,6.84,40.4,watermelon
116.16,17.8,54.49,25.5,85.1,6.97,45.06,watermelon
80.63,18.72,54.99,24.13,81.28,6.44,50.35,watermelon
117.35,18.46,47.35,25.05,87.39,6.39,40.3,watermelon
112.39,19.13,52.27,24.54,83.97,6.85,45.29,watermelon
113.49,28.72,48.78,25.94,82.63,6.43,50.28,watermelon
83.73,27.56,45.08,25.39,83.75,6.55,51.46,watermelon
109.55,26.89,45.09,25.49,84.98,6.23,58.52,watermelon
118.4,25.04,49.61,25.28,83.43,6.74,52.91,watermelon
107.14,28.59,49.88,26.87,82.42,6.53,48.29,watermelon
102.82,7.46,45.23,24.64,83.99,6.81,58.61,watermelon
111.4,5.58,48.74,28.94,92.61,6.64,21.72,muskmelon
88.0,14.33,48.33,28.24,90.86,6.57,22.79,muskmelon
85.23,8.72,46.76,28.96,91.53,6.09,21.59,muskmelon
107.03,18.96,51.07,27.68,91.61,6.7,21.96,muskmelon
102.4,27.93,49.77,28.41,90.8,6.18,29.73,muskmelon
111.59,14.79,53.66,27.45,91.03,6.51,21.53,muskmelon
109.55,26.12,45.32,27.52,93.94,6.64,22.69,muskmelon
105.01,5.01,51.44,28.02,90.84,6.16,25.91,muskmelon
119.46,9.21,52.63,27.64,90.14,6.64,26.1,muskmelon
101.34,5.76,52.59,27.34,93.15,6.22,21.54,muskmelon
84.52,13.2,53.86,27.53,94.88,6.68,27.94,muskmelon
113.13,27.7,52.29,27.07,91.66,6.2,27.85,muskmelon
90.07,7.42,54.28,28.41,90.59,6.67,22.37,muskmelon
111.09,20.16,48.33,27.98,92.85,6.04,22.89,muskmelon
118.28,16.29,50.03,27.19,94.53,6.5,29.38,muskmelon
107.87,28.46,45.14,27.34,93.92,6.37,28.26,muskmelon
103.84,8.06,45.07,27.21,93.11,6.33,26.98,muskmelon
98.42,10.3,47.4,28.23,91.58,6.16,20.82,muskmelon
94.58,5.74,46.01,27.19,92.71,6.49,24.18,muskmelon
94.12,15.85,47.6,28.51,90.46,6.13,25.59,muskmelon
105.45,11.95,46.77,27.04,93.39,6.39,21.87,muskmelon
110.05,26.75,45.29,27.5,93.63,6.18,24.48,muskmelon
107.14,20.12,54.09,28.78,94.83,6.67,26.01,muskmelon
87.94,20.35,45.08,28.44,91.3,6.02,23.27,muskmelon
99.76,18.3,52.36,27.15,90.09,6.14,27.81,muskmelon
111.67,7.3,46.52,28.64,92.73,6.17,28.4,muskmelon
99.03,16.13,54.12,27.99,93.53,6.29,23.24,muskmelon
101.46,29.99,53.93,28.69,93.95,6.16,28.39,muskmelon
110.85,25.88,51.54,28.2,90.97,6.34,21.04,muskmelon
106.45,27.34,51.72,28.36,91.31,6.61,28.38,muskmelon
96.37,25.58,45.05,28.99,92.56,6.5,21.53,muskmelon
115.82,7.58,54.85,27.46,91.65,6.41,20.83,muskmelon
86.5,10.69,53.78,28.25,94.3,6.06,26.42,muskmelon
119.82,5.08,53.95,27.92,92.37,6.49,24.72,muskmelon
84.75,12.59,51.59,27.08,94.0,6.12,29.08,muskmelon
80.6,7.72,48.45,27.03,92.9,6.55,23.63,muskmelon
115.6,16.82,53.94,27.24,93.87,6.18,22.87,muskmelon
89.8,21.93,47.92,28.3,91.66,6.29,25.01,muskmelon
109.19,26.86,50.63,28.13,94.16,6.25,24.56,muskmelon
112.44,23.73,46.0,28.11,91.37,6.6,23.44,muskmelon
114.36,28.46,54.22,27.06,92.73,6.09,26.94,muskmelon
119.66,6.35,46.41,27.94,91.07,6.4,27.6,muskmelon
91.76,5.3,47.25,28.85,92.38,6.1,28.53,muskmelon
108.41,21.53,50.58,27.8,91.59,6.49,29.73,muskmelon
84.62,12.23,52.64,28.25,91.33,6.63,22.67,muskmelon
96.27,11.34,51.19,28.56,94.83,6.3,27.16,muskmelon
113.92,13.27,47.32,28.57,90.8,6.34,23.94,muskmelon
94.71,11.74,45.01,28.04,93.94,6.65,26.77,muskmelon
103.64,17.79,52.57,28.72,94.92,6.36,24.76,muskmelon
100.15,16.0,54.85,27.78,90.1,6.34,29.94,muskmelon
105.84,17.81,53.1,28.78,93.5,6.4,27.29,muskmelon
118.92,21.82,49.6,27.48,91.26,6.48,29.52,muskmelon
82.23,14.68,54.04,27.56,90.2,6.07,28.35,muskmelon
102.96,11.28,49.1,27.11,92.01,6.57,29.03,muskmelon
114.52,9.16,50.25,28.59,94.68,6.3,28.14,muskmelon
99.26,13.74,49.77,27.83,90.06,6.05,24.59,muskmelon
83.14,23.55,49.48,27.46,92.94,6.55,22.52,muskmelon
102.42,23.92,52.75,27.46,92.51,6.26,23.7,muskmelon
93.28,21.67,50.27,28.8,94.37,6.07,20.2,muskmelon
86.2,10.85,48.17,28.67,90.42,6.44,25.24,muskmelon
113.96,19.7,47.58,28.11,93.41,6.62,25.05,muskmelon
100.86,19.27,45.38,28.23,93.4,6.62,25.25,muskmelon
117.33,17.11,50.83,27.95,93.35,6.67,29.74,muskmelon
112.24,18.75,47.3,27.78,94.71,6.61,29.11,muskmelon
107.72,17.29,46.48,28.83,94.12,6.0,21.62,muskmelon
80.2,19.14,51.54,27.25,90.21,6.27,23.69,muskmelon
97.11,22.89,51.81,27.84,92.36,6.57,24.24,muskmelon
87.9,7.74,52.52,27.69,91.99,6.26,23.61,muskmelon
116.43,23.74,50.04,28.0,91.55,6.42,27.98,muskmelon
86.98,8.4,53.94,27.92,92.26,6.42,25.24,muskmelon
91.44,6.67,54.36,28.04,91.92,6.26,25.72,muskmelon
100.67,29.4,53.07,27.28,92.16,6.63,28.53,muskmelon
90.53,28.92,51.36,28.03,94.9,6.35,28.06,muskmelon
88.39,6.51,48.04,27.48,90.44,6.33,21.32,muskmelon
103.96,16.08,54.83,27.37,94.61,6.7,27.14,muskmelon
83.56,9.66,47.74,27.13,92.4,6.35,24.35,muskmelon
82.33,17.13,47.03,28.53,93.12,6.12,22.95,muskmelon
94.89,25.75,49.42,27.85,94.15,6.36,20.5,muskmelon
108.83,28.77,45.57,28.25,91.8,6.57,24.87,muskmelon
102.19,20.86,54.78,28.46,92.15,6.54,23.55,muskmelon
96.92,13.85,50.88,28.36,92.05,6.55,22.52,muskmelon
102.63,20.08,50.57,27.94,91.87,6.5,26.95,muskmelon
94.62,12.8,51.56,27.78,94.63,6.18,27.69,muskmelon
117.45,27.75,49.97,27.75,94.14,6.6,22.45,muskmelon
82.2,26.76,45.32,28.28,90.54,6.63,20.49,muskmelon
106.94,18.96,51.12,27.99,90.54,6.14,28.49,muskmelon
115.65,13.12,52.16,28.7,92.14,6.09,20.1,muskmelon
112.16,12.33,49.17,28.75,90.49,6.68,29.37,muskmelon
87.36,5.84,52.57,27.34,93.1,6.61,26.28,muskmelon
91.84,25.4,47.27,27.27,90.72,6.63,23.22,muskmelon
108.68,16.26,47.21,28.26,92.61,6.62,22.46,muskmelon
83.37,13.13,46.61,27.6,90.04,6.38,20.09,muskmelon
112.47,16.78,48.72,27.04,91.58,6.45,22.35,muskmelon
108.76,25.47,53.47,28.78,93.39,6.38,21.38,muskmelon
109.18,8.12,53.28,27.45,92.42,6.04,26.12,muskmelon
84.01,26.44,48.83,28.86,94.89,6.52,21.67,muskmelon
108.71,27.44,50.89,28.43,94.37,6.35,25.29,muskmelon
107.19,28.67,52.21,28.53,91.8,6.45,25.9,muskmelon
113.24,14.94,47.41,27.4,90.23,6.35,22.98,muskmelon
81.66,10.43,46.68,27.47,94.23,6.34,20.35,muskmelon
1.49,124.84,196.84,22.05,92.57,6.03,106.81,apple
1.05,125.21,199.43,23.51,92.94,5.64,121.87,apple
29.56,136.53,196.66,21.2,93.95,6.09,119.17,apple
12.72,142.78,204.82,23.83,93.28,5.81,109.05,apple
31.85,130.09,195.96,23.96,93.04,5.55,118.35,apple
17.27,125.19,200.89,21.27,92.06,6.45,102.6,apple
18.12,136.22,201.26,21.87,92.37,6.14,119.73,apple
20.52,141.78,200.38,22.12,92.07,6.38,113.31,apple
28.52,138.71,201.62,23.33,94.21,6.18,107.31,apple
10.94,141.72,196.16,22.79,91.15,5.86,116.39,apple
4.86,133.41,200.55,22.93,90.03,6.01,116.04,apple
22.24,138.8,197.87,23.27,93.26,6.18,105.24,apple
13.08,123.5,204.4,21.35,91.01,6.46,100.76,apple
17.7,128.71,202.62,23.5,94.45,5.75,110.84,apple
25.88,129.74,204.73,23.12,94.3,6.37,114.24,apple
19.77,132.78,195.38,22.73,90.38,6.42,121.92,apple
24.81,143.23,197.85,23.67,90.53,6.17,123.21,apple
21.77,141.86,196.95,23.1,92.48,6.43,113.22,apple
29.59,123.36,195.11,21.61,93.05,5.9,118.85,apple
28.24,124.32,197.42,22.29,91.37,6.45,110.98,apple
21.37,128.94,201.79,22.48,93.58,6.2,118.65,apple
27.16,127.27,197.31,21.17,92.97,5.54,105.12,apple
34.94,135.37,200.09,23.86,91.62,6.41,109.28,apple
17.29,142.57,203.88,21.39,90.13,5.98,115.86,apple
16.51,144.06,201.94,23.09,93.75,5.96,100.45,apple
30.57,136.34,198.95,22.52,91.07,6.07,118.06,apple
23.3,140.95,198.72,21.08,94.17,5.65,120.89,apple
2.84,133.13,199.56,23.77,92.1,5.97,109.98,apple
35.68,125.21,196.77,23.56,92.89,6.33,111.2,apple
1.23,133.12,201.34,22.57,94.36,5.52,121.28,apple
29.94,133.88,198.64,21.69,94.32,5.77,119.39,apple
30.35,138.56,203.52,21.36,91.86,5.5,107.2,apple
38.12,125.5,202.57,22.09,91.04,5.92,108.1,apple
2.17,129.21,201.11,21.77,93.88,6.23,116.97,apple
23.87,129.1,198.64,22.52,92.17,6.3,114.08,apple
17.11,143.99,197.1,23.9,90.96,6.45,104.06,apple
13.23,131.1,202.76,22.72,94.52,6.11,107.75,apple
3.61,138.88,199.86,23.67,90.99,5.75,122.5,apple
22.51,138.77,197.25,22.95,90.13,6.42,117.2,apple
19.16,126.64,196.95,22.43,90.1,6.28,124.65,apple
4.18,134.3,196.65,23.56,93.11,6.07,119.18,apple
24.5,142.36,202.77,22.41,93.31,6.2,123.55,apple
29.52,131.88,197.29,23.61,91.56,6.42,105.4,apple
30.69,143.63,200.27,21.87,91.6,6.21,119.29,apple
36.21,125.36,199.52,21.39,91.7,5.87,100.51,apple
16.38,121.85,200.8,23.57,93.4,6.21,116.77,apple
38.12,142.29,203.77,22.76,90.29,5.54,111.73,apple
34.62,141.19,203.68,23.67,94.65,5.89,108.67,apple
11.86,144.81,199.51,23.81,91.11,5.91,121.56,apple
6.37,136.98,195.15,21.16,95.0,5.67,121.36,apple
17.42,143.42,199.26,22.5,90.86,5.52,100.56,apple
16.08,140.67,201.06,22.12,93.86,5.63,115.24,apple
23.03,141.11,200.58,22.88,91.12,6.15,109.2,apple
23.34,134.23,201.51,23.38,90.4,6.3,110.39,apple
30.0,129.56,196.54,21.84,94.37,6.49,120.8,apple
20.4,143.36,201.47,22.67,94.29,5.85,107.75,apple
4.19,130.8,196.83,23.13,92.02,6.1,123.58,apple
34.33,133.47,202.51,21.4,93.51,6.44,104.49,apple
12.39,131.15,198.39,23.44,92.79,5.67,116.57,apple
38.85,134.12,202.1,22.82,94.26,6.22,116.8,apple
4.71,131.76,195.48,23.85,91.58,6.25,106.3,apple
38.33,121.2,199.08,22.02,92.62,5.59,108.12,apple
3.64,142.05,202.05,21.32,92.43,6.36,120.87,apple
9.24,131.11,197.27,22.52,91.77,6.31,119.05,apple
1.86,134.72,202.95,21.26,94.46,5.53,108.23,apple
28.2,123.48,201.31,23.91,90.83,5.59,113.35,apple
34.01,120.08,200.88,21.12,90.75,5.55,101.54,apple
17.36,126.13,198.54,23.26,92.88,5.83,105.22,apple
37.14,137.61,199.82,22.58,93.29,6.01,112.15,apple
23.61,122.48,200.97,22.11,90.97,6.03,102.15,apple
25.2,142.72,199.72,21.2,91.95,5.77,121.08,apple
33.82,125.38,201.98,22.87,94.73,6.41,117.95,apple
11.87,125.11,199.34,22.76,91.23,5.87,123.59,apple
14.17,124.54,197.02,21.84,93.34,5.55,117.34,apple
36.24,120.35,197.14,23.73,93.7,5.8,123.51,apple
36.04,139.3,195.06,21.91,92.24,6.03,113.86,apple
39.06,141.88,198.01,22.35,94.69,5.91,115.01,apple
36.07,135.35,202.49,22.63,93.68,5.77,124.42,apple
5.09,124.7,202.94,21.3,92.29,5.63,116.05,apple
32.95,127.13,197.02,23.8,92.85,6.32,100.77,apple
16.39,131.9,204.59,22.12,93.46,6.5,118.1,apple
39.63,143.86,200.02,21.24,92.96,5.83,122.64,apple
18.89,126.18,204.17,22.16,94.39,5.88,119.89,apple
22.15,138.29,202.07,22.8,91.78,6.12,114.6,apple
21.19,130.99,202.22,22.54,91.5,6.22,116.78,apple
12.87,127.45,195.85,23.08,91.07,5.89,124.75,apple
3.0,131.4,197.2,21.17,90.19,6.4,102.27,apple
35.83,121.78,195.09,21.85,90.22,6.06,116.68,apple
32.11,139.97,202.16,23.46,94.35,5.95,107.08,apple
5.58,126.08,198.44,21.24,93.39,6.15,116.0,apple
31.07,138.14,202.87,23.57,93.3,6.45,115.19,apple
25.03,121.71,198.39,21.28,93.07,6.29,103.84,apple
16.37,143.88,203.19,23.5,94.25,5.54,105.17,apple
10.16,124.83,196.31,22.08,92.4,5.83,115.54,apple
34.39,142.07,196.73,22.84,94.35,5.97,103.21,apple
28.01,140.24,198.41,21.46,91.8,5.81,106.63,apple
21.91,144.2,199.08,21.2,94.63,6.2,120.88,apple
24.38,131.95,198.49,21.65,93.49,6.33,108.18,apple
3.64,138.18,202.64,21.38,91.29,6.23,112.2,apple
18.96,129.27,195.97,21.94,92.82,6.49,123.53,apple
9.09,15.82,6.47,17.71,91.93,6.2,103.54,orange
15.59,9.94,9.53,32.11,94.18,6.74,107.27,orange
24.26,18.71,13.81,26.91,94.75,6.16,107.47,orange
30.21,7.9,9.21,18.52,94.03,6.52,119.86,orange
36.07,5.58,13.4,23.59,91.89,6.22,119.9,orange
36.62,6.28,10.9,31.01,93.94,6.95,102.3,orange
31.07,28.86,6.92,32.08,91.76,7.42,114.52,orange
9.13,8.56,10.81,14.01,90.84,7.5,101.03,orange
0.99,22.71,10.06,18.49,90.17,6.56,100.6,orange
15.35,6.7,8.99,18.38,91.93,6.9,102.11,orange
5.66,7.7,6.2,11.05,94.52,7.28,119.31,orange
28.42,17.72,9.17,24.96,91.19,6.18,118.82,orange
26.45,16.62,5.73,31.37,91.03,7.03,103.88,orange
1.76,28.79,5.99,19.54,94.85,6.61,103.23,orange
33.46,28.62,9.16,28.5,90.13,6.31,104.81,orange
9.95,24.49,8.05,25.69,93.93,6.6,110.31,orange
17.29,20.05,14.26,19.39,91.61,6.11,111.39,orange
26.72,16.37,8.76,13.53,90.19,7.04,104.43,orange
17.18,13.9,12.58,27.73,94.59,6.38,115.13,orange
17.65,28.68,10.3,31.36,90.7,6.47,106.19,orange
2.63,20.07,12.04,27.15,92.76,6.18,118.44,orange
16.06,19.48,7.6,10.45,91.37,7.3,113.13,orange
30.59,10.8,14.42,15.41,90.33,6.74,108.73,orange
36.61,6.17,10.3,11.74,90.25,6.86,115.8,orange
16.54,28.63,13.31,24.26,90.58,6.85,116.36,orange
16.94,12.84,8.65,28.91,90.36,6.62,105.81,orange
28.11,16.06,6.0,12.76,93.8,6.29,106.79,orange
37.71,7.87,11.74,30.96,92.43,7.12,118.72,orange
10.68,25.92,5.08,23.89,91.71,6.19,103.29,orange
17.61,5.69,9.75,27.25,92.09,6.16,100.84,orange
31.84,25.85,6.93,34.29,94.64,7.07,109.08,orange
24.39,8.51,11.27,12.09,94.55,6.31,116.02,orange
4.42,27.16,14.79,32.53,93.58,6.46,115.43,orange
25.11,23.24,9.64,13.15,94.42,6.71,118.39,orange
7.47,9.12,13.17,19.82,91.6,6.67,110.66,orange
20.41,19.15,10.08,31.29,91.91,7.06,102.0,orange
21.16,12.82,9.96,32.66,93.07,6.94,111.77,orange
35.05,9.46,14.3,22.66,93.12,6.97,115.57,orange
18.5,26.48,13.9,24.85,92.41,7.07,101.87,orange
11.18,15.09,12.86,27.7,92.0,6.44,103.45,orange
9.24,14.96,7.96,30.82,94.93,6.48,100.25,orange
34.97,9.25,10.45,13.04,94.11,6.66,111.87,orange
6.84,14.58,7.24,30.25,92.17,6.46,117.73,orange
17.03,26.79,9.44,22.03,93.64,7.48,113.41,orange
7.49,14.08,9.84,21.27,91.35,7.22,119.64,orange
30.93,28.79,13.32,20.6,90.5,6.25,101.26,orange
18.97,28.66,13.96,22.73,91.76,6.01,118.06,orange
14.05,8.62,9.15,33.63,92.01,6.06,116.28,orange
14.44,9.43,5.18,23.71,90.08,6.37,106.28,orange
34.09,26.57,13.62,33.83,94.07,6.17,119.47,orange
22.15,14.82,6.74,14.51,91.8,6.8,105.76,orange
28.71,5.11,11.22,28.1,92.9,7.29,117.79,orange
35.88,11.85,5.25,30.31,90.37,7.11,117.61,orange
36.07,19.94,9.0,26.98,90.87,6.32,115.15,orange
13.14,24.98,14.86,25.17,94.45,6.6,111.27,orange
38.1,8.33,6.01,24.12,93.04,6.76,102.4,orange
1.0,7.76,9.24,31.52,94.75,7.22,110.64,orange
15.07,28.05,8.07,30.54,94.99,7.26,107.14,orange
35.83,23.78,14.05,13.06,91.86,7.36,115.84,orange
10.99,19.74,13.69,31.21,91.49,6.76,115.16,orange
10.92,24.23,7.38,20.35,94.29,7.04,118.21,orange
12.1,15.72,5.81,16.34,94.99,6.17,100.3,orange
24.49,23.96,11.27,31.74,93.15,6.85,116.18,orange
17.53,14.3,8.36,20.8,93.98,6.37,118.77,orange
29.07,11.1,11.72,30.21,93.91,6.65,115.79,orange
35.8,23.23,5.32,16.59,91.78,6.95,102.6,orange
26.97,15.49,6.33,10.1,92.87,6.39,101.63,orange
8.18,29.53,11.86,22.39,94.17,6.08,100.42,orange
37.31,13.74,7.12,12.51,93.44,6.02,112.57,orange
10.58,28.04,13.58,28.86,90.11,6.03,112.59,orange
6.0,28.32,5.59,16.9,91.68,6.01,119.74,orange
3.6,11.05,7.15,21.09,90.72,6.17,107.96,orange
22.54,24.96,14.99,12.18,91.16,6.36,106.64,orange
4.55,15.83,9.33,17.17,94.53,6.33,112.49,orange
5.55,27.94,12.03,29.54,90.18,7.48,116.51,orange
12.0,16.25,6.83,13.79,91.1,6.46,118.74,orange
11.27,23.61,11.1,26.18,91.55,6.19,116.06,orange
24.17,16.67,12.26,32.94,93.08,6.82,108.53,orange
32.67,10.7,8.14,27.0,92.67,7.29,112.7,orange
30.45,9.98,13.29,30.28,91.09,7.02,117.13,orange
10.5,15.64,11.03,12.72,90.82,6.44,109.81,orange
9.81,23.89,8.89,16.27,91.18,6.84,104.33,orange
38.63,20.13,10.58,32.36,92.51,7.07,103.39,orange
0.33,22.22,10.77,27.88,91.36,7.09,100.0,orange
35.19,12.06,6.66,25.99,94.74,7.0,114.36,orange
7.99,17.04,9.03,26.59,92.32,7.31,102.22,orange
37.89,6.11,8.43,20.36,90.29,7.31,104.88,orange
13.69,25.44,9.01,11.11,93.65,6.87,105.96,orange
17.61,29.75,12.61,29.61,91.64,6.64,111.21,orange
28.28,15.17,9.83,26.97,93.27,6.96,107.96,orange
23.51,5.27,14.4,21.82,91.4,7.23,113.49,orange
12.72,9.24,7.94,32.49,92.85,6.01,101.11,orange
22.15,21.31,9.16,18.4,93.86,7.49,102.48,orange
29.23,20.3,12.87,17.36,94.64,6.27,109.98,orange
1.69,24.7,10.46,31.82,91.31,6.71,106.74,orange
0.45,11.35,10.47,29.92,91.67,7.31,105.92,orange
18.32,24.09,5.53,22.87,92.32,6.34,101.34,orange
5.27,22.2,8.99,13.27,94.64,6.72,117.91,orange
26.57,13.07,7.71,15.38,94.51,6.2,113.84,orange
8.56,18.64,14.99,26.41,90.45,6.59,102.43,orange
32.6,61.36,49.07,29.63,94.72,6.87,209.41,papaya
68.99,47.0,47.62,39.64,92.95,6.76,43.47,papaya
57.25,51.06,54.79,25.74,91.72,6.71,79.23,papaya
46.7,64.34,52.97,39.02,93.13,6.63,177.53,papaya
58.07,58.22,48.02,24.44,94.55,7.0,118.91,papaya
60.25,68.2,53.48,23.26,91.37,6.54,246.32,papaya
61.2,55.72,52.59,41.86,92.53,6.52,179.74,papaya
49.12,66.75,47.97,35.21,94.79,6.61,240.88,papaya
47.2,56.22,49.27,30.39,90.86,6.99,82.3,papaya
30.44,69.48,46.86,27.88,93.6,6.99,221.43,papaya
67.06,69.0,46.11,35.95,93.07,6.83,107.48,papaya
54.13,53.23,52.23,33.69,93.4,6.94,247.81,papaya
38.13,67.15,47.68,43.82,91.76,6.61,73.11,papaya
66.78,66.19,53.2,43.65,91.57,6.99,148.43,papaya
66.6,50.27,54.96,36.34,93.42,6.57,206.5,papaya
69.57,60.61,45.77,32.3,91.08,6.55,130.85,papaya
64.96,46.82,49.73,33.31,92.1,6.56,138.3,papaya
69.91,65.92,53.02,37.33,90.94,6.79,247.13,papaya
39.79,49.36,52.89,25.13,90.04,6.89,129.31,papaya
63.69,46.77,52.6,29.9,94.85,6.68,166.86,papaya
62.92,55.01,48.49,24.58,92.16,6.99,51.45,papaya
39.24,59.42,49.54,24.54,94.85,6.72,216.86,papaya
33.94,66.37,50.95,27.11,90.7,6.58,176.12,papaya
69.18,69.36,54.74,33.19,92.94,6.73,124.84,papaya
41.84,55.99,48.28,39.48,91.0,6.84,43.4,papaya
64.84,46.51,54.23,33.2,93.95,6.92,164.25,papaya
30.17,63.73,47.69,30.05,93.92,6.73,42.66,papaya
30.84,59.13,54.89,24.73,90.56,6.8,40.25,papaya
48.63,56.2,51.7,34.56,94.56,6.63,169.38,papaya
39.55,52.73,49.64,28.7,90.97,6.82,79.69,papaya
57.59,57.56,51.13,35.91,93.06,6.99,80.3,papaya
52.62,53.47,47.73,43.52,94.93,6.52,177.19,papaya
33.1,63.93,47.74,25.34,94.41,6.94,51.28,papaya
36.51,58.6,46.14,27.45,94.78,6.78,105.82,papaya
45.52,66.92,46.14,32.93,91.71,6.63,71.38,papaya
37.42,58.59,48.48,43.34,90.53,6.98,161.84,papaya
61.69,50.96,52.63,39.21,90.94,6.74,178.97,papaya
46.64,66.28,51.08,41.86,92.5,6.67,191.44,papaya
33.74,58.93,46.03,30.01,93.97,6.59,93.6,papaya
49.37,50.17,53.52,43.83,90.75,6.62,58.74,papaya
33.63,60.59,51.01,25.16,93.3,6.92,56.52,papaya
35.16,53.94,54.61,24.11,91.62,6.81,129.49,papaya
39.58,66.11,51.7,40.97,91.71,6.96,238.63,papaya
64.38,56.33,46.75,42.47,93.31,6.62,85.72,papaya
66.98,63.16,49.74,24.9,92.33,6.56,93.92,papaya
63.05,47.39,51.48,25.38,94.06,6.5,61.19,papaya
43.36,54.9,45.28,23.7,90.78,6.75,167.17,papaya
40.9,69.58,45.15,25.19,93.95,7.0,182.77,papaya
51.97,65.21,46.29,27.4,90.32,6.85,175.02,papaya
58.87,49.0,47.52,43.37,90.97,6.65,220.84,papaya
69.73,51.94,49.3,37.03,93.28,6.94,142.15,papaya
35.26,53.25,49.87,39.35,94.27,6.89,68.24,papaya
31.97,61.26,46.38,39.3,91.26,6.51,100.78,papaya
57.77,63.92,51.73,34.24,91.64,6.91,179.11,papaya
63.29,63.74,50.96,39.75,92.69,6.65,168.76,papaya
63.85,57.75,47.94,35.51,91.06,6.57,151.51,papaya
57.14,65.27,45.14,29.61,94.06,6.61,183.42,papaya
68.16,55.93,45.78,34.78,93.87,6.73,173.85,papaya
50.44,48.1,48.92,34.2,90.73,6.71,225.08,papaya
66.55,59.11,46.54,40.29,92.32,6.64,163.06,papaya
68.71,68.81,48.77,43.62,93.87,6.59,203.51,papaya
63.89,64.82,51.28,31.63,91.69,6.88,92.23,papaya
42.39,59.47,50.47,39.03,93.17,7.0,182.42,papaya
37.85,61.17,47.31,25.1,90.25,6.89,229.46,papaya
51.92,68.26,48.44,39.31,93.04,6.65,121.0,papaya
48.12,55.71,51.14,30.8,90.76,6.62,203.61,papaya
65.11,53.28,53.61,23.83,94.15,6.61,192.21,papaya
34.0,69.43,52.53,30.63,91.78,6.57,52.5,papaya
40.31,66.59,50.53,35.82,91.41,6.78,162.12,papaya
60.07,53.08,48.62,25.5,94.2,6.8,67.34,papaya
33.8,56.59,48.65,42.4,90.25,6.85,243.14,papaya
42.83,55.38,53.79,24.63,91.98,6.84,210.4,papaya
45.49,48.73,45.39,42.53,91.85,6.65,63.04,papaya
54.9,68.95,54.88,37.85,91.42,6.67,65.57,papaya
36.33,55.11,51.64,29.92,94.56,6.84,164.84,papaya
64.42,66.88,51.81,31.21,93.75,6.67,112.43,papaya
47.9,49.73,45.38,38.56,90.32,6.61,47.33,papaya
66.68,58.7,51.06,35.63,93.57,6.69,153.74,papaya
48.71,45.6,49.85,37.1,92.64,6.64,121.45,papaya
41.0,64.11,46.06,31.17,94.5,6.54,61.23,papaya
35.67,59.52,47.78,33.24,91.56,6.92,208.4,papaya
30.15,60.64,53.9,43.79,92.87,6.93,232.17,papaya
51.29,46.29,50.5,27.49,92.5,6.61,198.88,papaya
34.29,50.28,49.13,31.77,92.45,6.53,212.71,papaya
45.67,46.86,45.73,29.13,92.28,6.87,85.46,papaya
53.57,52.22,52.14,39.07,91.03,6.61,95.35,papaya
41.03,60.69,52.03,39.04,93.78,6.7,83.79,papaya
37.01,59.15,51.14,29.14,92.26,6.53,200.66,papaya
60.99,60.3,50.1,24.71,94.79,6.61,239.06,papaya
67.87,58.73,49.34,23.24,91.3,6.9,190.54,papaya
34.02,51.83,50.93,31.98,93.41,6.9,225.11,papaya
36.22,51.11,47.33,31.62,94.7,6.6,174.13,papaya
68.4,48.43,54.41,43.76,93.32,6.67,121.41,papaya
31.51,66.23,50.89,32.87,94.36,6.57,129.41,papaya
69.11,60.41,48.11,28.38,94.14,6.54,55.82,papaya
30.19,49.66,49.5,41.72,91.8,7.0,46.61,papaya
64.95,49.43,53.06,33.31,93.0,6.83,186.05,papaya
42.29,66.83,46.62,35.58,90.78,6.77,132.07,papaya
67.54,63.57,47.93,25.01,92.68,6.88,155.97,papaya
42.68,61.48,51.8,31.04,91.15,6.92,157.11,papaya
21.93,17.21,30.59,27.66,97.79,5.7,140.38,coconut
26.9,11.47,25.58,25.81,90.14,5.8,180.73,coconut
26.77,23.86,31.96,25.12,97.58,5.7,184.44,coconut
24.71,23.04,25.53,27.54,92.95,6.27,206.0,coconut
35.52,8.52,33.17,27.59,90.08,6.21,180.37,coconut
26.28,26.93,33.25,26.79,95.51,6.13,213.32,coconut
30.09,9.52,27.37,26.72,97.84,5.89,190.25,coconut
37.39,24.93,28.24,27.44,97.73,6.41,207.23,coconut
36.66,16.42,29.81,27.36,91.29,6.47,151.86,coconut
37.26,13.21,30.97,27.67,91.45,5.67,208.43,coconut
21.75,8.96,27.87,26.66,94.52,5.72,194.01,coconut
15.87,9.19,30.92,27.9,95.1,6.03,153.62,coconut
21.53,21.55,27.98,27.99,95.92,5.59,155.18,coconut
21.97,18.76,25.55,25.35,91.45,5.94,214.12,coconut
37.73,8.05,25.03,27.55,97.67,6.08,142.58,coconut
31.23,7.82,26.01,26.5,95.11,6.02,177.0,coconut
17.04,6.81,32.92,26.16,96.78,5.83,165.08,coconut
18.38,23.59,34.61,26.84,94.32,6.04,193.21,coconut
18.89,22.8,29.27,25.17,93.31,6.46,207.17,coconut
30.76,6.46,30.13,26.52,97.82,5.71,168.83,coconut
33.39,19.01,26.47,27.61,94.66,6.15,174.15,coconut
36.49,7.12,30.51,25.64,96.93,5.54,218.55,coconut
38.52,27.59,26.45,26.28,97.63,5.57,202.71,coconut
20.04,27.68,31.11,27.82,95.4,6.05,211.78,coconut
22.74,22.46,34.33,26.29,94.39,5.6,175.1,coconut
21.01,28.15,26.96,26.08,90.03,5.52,158.73,coconut
23.97,25.29,32.65,26.32,90.32,5.67,172.95,coconut
37.87,25.71,25.24,26.56,91.61,6.06,197.29,coconut
29.38,19.24,28.75,26.9,91.49,6.2,148.75,coconut
33.45,12.65,26.11,27.4,92.04,5.7,161.64,coconut
27.25,10.44,28.52,26.36,92.44,6.17,143.73,coconut
15.72,13.18,26.74,27.45,92.88,5.68,174.59,coconut
16.6,20.71,28.73,26.6,93.36,6.11,206.2,coconut
28.45,9.32,29.18,26.02,90.79,5.91,141.97,coconut
32.97,11.47,28.01,26.97,90.34,6.15,194.03,coconut
20.38,16.7,31.57,27.15,95.39,6.5,214.6,coconut
33.05,10.83,34.19,26.67,94.3,6.44,158.95,coconut
35.27,19.72,29.01,25.17,93.55,5.5,195.49,coconut
25.3,28.08,26.92,25.51,95.08,6.39,218.01,coconut
33.66,23.7,27.71,25.86,96.62,5.57,216.98,coconut
25.1,21.66,33.54,25.85,93.42,6.45,158.79,coconut
31.96,19.57,30.72,27.02,95.13,5.78,148.03,coconut
34.1,17.2,29.55,25.06,97.63,5.88,151.86,coconut
39.8,9.66,26.5,27.27,96.72,5.59,196.16,coconut
23.63,27.37,29.5,25.8,93.41,5.61,198.06,coconut
25.28,11.21,27.78,25.93,95.16,6.23,193.94,coconut
19.14,7.28,34.43,26.58,91.42,6.44,166.89,coconut
20.1,23.75,33.84,25.65,94.48,6.11,153.58,coconut
32.33,9.39,25.84,27.65,97.85,6.22,186.46,coconut
37.93,14.3,30.17,25.26,94.15,6.26,178.69,coconut
24.87,5.71,27.25,26.33,97.42,5.76,198.31,coconut
19.5,8.43,29.11,27.55,93.26,5.55,175.31,coconut
22.13,9.33,33.77,26.85,97.99,5.5,167.09,coconut
26.38,6.36,30.28,25.88,94.63,5.85,163.48,coconut
22.27,21.42,28.34,26.26,90.34,5.74,156.92,coconut
20.84,25.93,27.08,27.12,94.69,5.56,161.26,coconut
33.4,14.33,33.0,27.92,92.2,5.68,147.59,coconut
15.2,26.86,31.25,27.68,90.26,5.62,167.75,coconut
28.48,10.33,29.68,26.03,96.57,6.41,142.93,coconut
34.84,13.13,27.17,27.99,92.21,5.64,154.91,coconut
21.66,8.77,28.34,25.01,96.37,6.04,199.74,coconut
30.08,20.51,34.6,25.08,92.31,6.09,166.04,coconut
31.72,15.5,30.2,27.47,91.55,6.04,193.46,coconut
31.38,20.33,29.01,25.6,97.79,5.6,197.35,coconut
26.15,24.04,30.21,25.18,92.89,5.82,186.49,coconut
23.66,18.64,32.79,25.71,94.81,5.55,216.7,coconut
35.9,20.69,28.4,26.28,94.88,5.9,141.72,coconut
33.96,28.38,26.79,27.19,94.48,5.69,199.09,coconut
23.03,12.48,30.85,26.87,97.32,6.06,216.7,coconut
17.58,13.98,31.65,25.71,95.4,6.19,208.98,coconut
16.8,22.94,32.13,26.51,93.23,6.03,153.43,coconut
17.36,20.28,33.82,27.78,96.9,5.93,166.15,coconut
29.57,9.46,28.71,27.45,91.45,5.89,153.8,coconut
16.29,14.4,25.75,25.97,94.35,6.34,188.1,coconut
23.42,16.7,34.58,27.95,97.6,5.72,196.98,coconut
33.83,15.48,29.35,27.13,95.0,6.23,165.37,coconut
22.36,9.46,31.23,25.19,96.54,6.26,183.16,coconut
34.08,28.11,31.66,25.11,95.23,5.92,195.27,coconut
33.64,24.06,30.47,25.51,96.71,5.8,173.71,coconut
21.15,17.03,27.05,27.18,97.56,5.97,208.32,coconut
33.22,22.0,32.55,25.55,92.18,5.59,201.72,coconut
33.69,27.43,33.04,26.53,91.36,5.55,145.17,coconut
24.94,8.4,30.53,25.28,93.87,5.61,189.69,coconut
20.26,11.26,29.89,27.76,95.61,5.69,158.83,coconut
28.03,18.57,26.14,26.03,91.82,6.0,184.6,coconut
38.03,24.98,25.84,27.72,90.03,6.35,216.55,coconut
30.99,5.91,28.4,27.83,92.74,5.74,210.32,coconut
19.32,29.6,28.11,25.02,97.75,6.44,172.36,coconut
32.07,16.37,34.54,26.39,95.56,6.45,163.32,coconut
25.68,13.98,32.84,25.07,93.21,6.46,158.75,coconut
29.79,12.32,31.6,27.73,91.54,6.34,182.6,coconut
33.35,9.36,30.18,26.56,92.85,5.86,149.14,coconut
27.87,24.79,26.67,25.22,91.36,5.57,183.94,coconut
35.35,28.89,34.78,25.33,90.85,6.07,140.11,coconut
33.05,15.34,28.75,26.15,97.25,6.06,165.91,coconut
30.38,28.81,26.07,27.82,97.98,6.35,157.59,coconut
18.77,25.59,29.94,27.08,91.31,6.5,217.7,coconut
35.9,17.03,33.74,27.6,90.44,6.01,198.18,coconut
38.4,21.85,33.87,26.1,92.64,5.85,167.97,coconut
18.42,15.87,25.11,25.13,93.69,5.69,147.43,coconut
120.67,59.7,17.26,22.75,84.46,7.77,67.65,cotton
108.54,51.47,21.56,22.79,82.12,5.83,84.41,cotton
121.46,44.14,16.64,23.89,82.42,7.92,78.56,cotton
133.41,46.76,15.56,23.97,79.99,6.84,85.14,cotton
124.63,41.66,16.21,22.07,79.75,7.56,75.47,cotton
125.35,43.62,24.3,22.59,76.1,6.08,71.31,cotton
121.64,51.23,20.52,23.51,80.6,6.67,87.66,cotton
137.09,57.07,22.96,24.73,77.47,6.4,61.09,cotton
137.28,39.6,18.33,22.91,84.77,6.44,85.68,cotton
120.51,56.01,20.93,23.69,82.97,6.07,66.92,cotton
112.23,38.04,19.95,24.23,79.13,7.57,85.46,cotton
118.38,40.37,24.46,25.55,76.51,5.82,64.18,cotton
107.46,35.93,22.48,23.3,82.85,6.49,77.41,cotton
125.45,38.52,22.31,22.53,76.22,6.18,86.64,cotton
120.0,57.93,15.46,23.96,76.89,7.1,74.21,cotton
104.13,46.49,20.5,24.99,77.12,6.36,82.4,cotton
107.91,36.94,19.67,22.44,80.57,6.37,84.14,cotton
119.19,58.99,24.28,23.7,82.87,6.87,82.09,cotton
135.5,56.97,17.57,22.07,78.14,7.24,87.76,cotton
122.66,53.87,17.7,22.13,75.85,6.07,73.41,cotton
127.26,58.34,19.11,23.93,79.65,6.19,65.19,cotton
113.56,40.5,17.43,23.19,82.48,6.34,61.43,cotton
122.86,55.91,16.29,25.38,77.22,7.94,67.39,cotton
117.9,52.25,23.57,24.41,77.2,6.67,64.3,cotton
126.37,56.74,20.58,23.82,84.47,7.12,76.74,cotton
102.02,54.92,23.61,23.63,84.54,6.33,65.55,cotton
119.73,43.66,23.31,23.99,84.9,6.88,61.17,cotton
111.84,54.36,17.82,22.16,83.08,5.96,61.08,cotton
113.05,41.56,20.48,25.57,76.88,5.88,84.95,cotton
138.44,43.21,15.83,25.99,77.12,6.83,77.74,cotton
107.31,37.7,24.15,22.73,78.4,6.68,70.74,cotton
112.45,58.38,19.04,22.48,78.18,6.1,86.83,cotton
120.4,42.28,18.94,22.57,84.57,7.31,62.11,cotton
134.52,48.02,18.03,24.64,82.89,7.98,89.41,cotton
116.67,44.78,19.61,24.65,82.24,6.67,78.49,cotton
129.75,59.0,17.52,25.39,76.86,7.17,65.5,cotton
134.25,43.38,18.75,25.01,84.1,7.92,80.37,cotton
112.4,54.46,23.0,23.8,83.28,7.63,82.9,cotton
115.71,56.39,23.34,24.45,76.64,6.82,72.88,cotton
114.26,45.89,18.04,24.75,83.71,7.42,85.85,cotton
133.31,44.45,19.69,24.05,77.72,6.08,64.52,cotton
101.77,53.69,23.74,23.9,75.81,6.93,68.37,cotton
112.34,57.82,15.53,24.58,81.57,6.41,62.8,cotton
127.18,53.87,23.89,24.23,81.54,6.15,66.33,cotton
122.62,40.68,17.19,24.58,75.95,6.74,67.16,cotton
117.45,57.21,21.79,24.45,78.19,6.09,87.53,cotton
121.6,44.69,20.83,24.88,84.93,7.34,62.34,cotton
107.9,49.41,20.53,24.57,81.78,6.8,72.82,cotton
117.23,55.79,23.59,24.08,82.3,6.97,75.97,cotton
120.07,39.71,16.02,24.73,77.13,6.12,86.96,cotton
136.05,54.61,18.47,23.8,75.79,6.11,89.93,cotton
110.43,49.9,20.38,22.97,77.77,7.08,82.6,cotton
134.71,57.33,23.11,22.01,77.49,7.97,89.12,cotton
125.77,39.3,17.16,24.24,77.35,6.01,83.61,cotton
100.81,45.52,23.03,24.36,76.93,6.43,88.9,cotton
128.99,55.82,19.0,25.89,80.75,7.71,81.22,cotton
101.42,35.48,16.89,23.45,78.28,5.96,62.39,cotton
139.9,37.81,22.59,23.58,83.2,7.73,72.06,cotton
134.91,59.76,15.91,22.81,76.84,6.95,79.4,cotton
111.89,42.01,20.15,22.28,79.65,6.7,70.52,cotton
110.3,59.39,15.64,25.09,75.14,6.48,68.2,cotton
115.26,39.56,18.56,23.0,79.82,6.45,77.32,cotton
114.25,44.03,21.01,24.44,75.56,6.47,88.01,cotton
114.89,53.82,20.56,24.75,84.78,7.75,61.05,cotton
112.73,51.44,19.05,23.88,82.91,7.39,83.08,cotton
124.85,49.53,19.29,25.51,79.9,7.27,81.68,cotton
106.57,48.25,17.27,23.78,75.87,7.56,88.92,cotton
133.84,56.09,19.56,23.14,80.92,6.37,87.92,cotton
132.5,40.87,24.53,25.58,82.59,7.16,82.87,cotton
119.06,46.06,23.5,25.45,76.91,6.81,75.61,cotton
134.11,38.89,16.45,22.66,80.68,7.52,66.13,cotton
109.89,49.9,15.3,22.1,83.14,6.48,76.36,cotton
100.7,41.26,24.34,22.36,82.68,7.21,82.96,cotton
124.77,43.35,20.27,23.15,83.03,7.74,86.87,cotton
118.32,46.78,20.38,25.89,83.79,6.68,83.69,cotton
122.69,35.67,22.81,24.23,84.38,5.95,65.86,cotton
135.97,37.3,18.15,23.49,79.06,6.94,77.99,cotton
138.8,52.15,19.82,25.55,80.69,6.56,69.97,cotton
125.38,45.72,24.69,23.81,82.91,7.28,60.28,cotton
130.56,56.62,21.72,23.26,81.97,7.89,66.01,cotton
103.35,52.37,16.54,25.76,84.96,6.87,63.4,cotton
106.43,35.2,16.33,25.4,75.14,6.83,85.28,cotton
129.33,50.42,17.04,25.37,78.55,7.24,67.76,cotton
117.25,37.34,22.67,24.05,77.81,6.03,68.54,cotton
117.84,54.52,17.95,25.16,77.62,6.36,88.8,cotton
112.34,59.79,15.21,22.72,77.23,7.82,71.37,cotton
124.29,48.28,24.44,24.29,82.09,7.27,60.29,cotton
107.41,52.07,16.7,25.94,75.85,5.83,68.52,cotton
125.08,40.93,15.1,23.16,82.42,6.25,63.58,cotton
106.95,45.94,17.37,25.18,81.93,7.3,63.08,cotton
102.55,56.4,17.35,23.96,77.51,7.48,62.32,cotton
113.21,39.19,19.22,22.16,77.53,7.65,77.8,cotton
109.25,41.64,24.2,25.05,81.29,6.44,65.68,cotton
135.56,46.14,23.79,22.67,82.62,7.85,70.84,cotton
102.2,52.81,19.57,24.53,83.76,7.02,85.86,cotton
107.06,44.4,19.11,22.34,83.52,7.33,72.73,cotton
121.95,58.19,20.55,25.79,84.65,7.11,87.47,cotton
119.24,37.36,17.43,23.17,80.81,6.07,74.94,cotton
101.83,44.27,15.52,22.91,84.09,7.92,71.97,cotton
100.29,52.72,24.39,22.52,83.09,6.07,82.51,cotton
62.2,52.48,39.68,23.47,70.38,7.05,157.8,jute
62.68,53.38,43.88,24.95,74.3,7.26,162.68,jute
79.56,42.26,42.67,23.25,70.63,6.07,154.45,jute
74.61,42.59,43.12,23.54,77.89,6.73,163.59,jute
83.71,54.57,43.13,24.43,75.3,6.05,188.4,jute
87.49,42.42,41.43,24.96,70.29,6.66,192.65,jute
71.65,49.07,39.58,23.44,70.41,7.24,188.94,jute
77.89,41.23,43.65,23.56,76.13,6.51,181.55,jute
75.02,55.42,44.26,23.61,78.06,7.31,175.7,jute
89.45,37.76,35.24,23.72,74.38,6.88,185.44,jute
84.93,55.74,35.52,23.68,75.55,7.31,169.54,jute
87.35,50.07,44.59,24.19,78.0,7.06,192.07,jute
67.63,39.67,37.77,24.96,76.11,6.14,183.86,jute
83.18,48.55,43.73,24.31,72.25,6.32,184.89,jute
67.96,42.06,38.89,25.33,76.13,6.55,176.8,jute
66.26,43.09,36.19,25.16,76.28,6.24,194.26,jute
88.33,43.79,35.8,23.38,77.34,6.69,162.6,jute
60.58,36.58,36.57,23.15,76.21,6.66,169.06,jute
88.96,59.65,37.5,25.63,79.69,7.34,188.88,jute
64.48,35.79,39.89,23.24,71.97,6.61,174.64,jute
84.58,51.56,42.01,23.45,79.51,7.1,194.46,jute
68.28,44.28,44.86,23.07,75.38,7.32,167.32,jute
70.52,51.15,39.42,24.89,76.72,7.23,168.47,jute
66.5,43.91,40.18,24.75,70.99,6.29,194.44,jute
77.57,51.84,40.22,25.96,73.81,6.69,173.22,jute
70.44,53.23,40.39,25.66,77.69,6.49,175.81,jute
79.72,52.26,40.18,24.23,77.07,6.56,166.64,jute
60.47,37.85,35.09,24.11,70.4,6.51,163.83,jute
61.93,51.42,35.02,23.89,75.47,7.16,182.8,jute
62.99,42.0,35.98,23.46,70.88,6.63,155.99,jute
72.57,35.72,36.02,23.41,79.96,6.73,193.96,jute
84.44,45.37,42.05,23.4,78.97,7.38,188.96,jute
86.65,45.84,37.05,23.34,70.21,6.08,159.54,jute
67.34,46.68,43.95,23.72,78.59,6.68,184.7,jute
77.23,52.62,44.29,23.92,79.19,7.08,180.13,jute
83.05,42.72,44.76,25.88,73.54,6.21,159.23,jute
68.66,42.88,44.39,24.74,77.2,6.86,163.66,jute
72.27,36.51,37.72,25.96,74.42,6.34,170.45,jute
75.72,52.17,40.1,24.12,76.55,7.21,184.96,jute
64.05,49.2,36.75,24.37,73.4,6.46,181.94,jute
60.78,43.74,43.06,23.97,73.23,6.46,176.61,jute
64.58,52.63,43.88,23.55,74.24,6.84,188.42,jute
78.81,48.43,43.51,23.43,71.46,6.26,187.9,jute
62.21,46.73,39.33,25.84,78.31,6.4,180.89,jute
65.69,47.78,42.59,25.96,73.49,6.58,189.35,jute
70.14,50.91,35.98,23.13,74.0,6.5,166.71,jute
62.34,51.5,35.4,23.45,78.94,6.73,194.06,jute
65.75,42.22,42.53,24.27,74.97,6.84,180.75,jute
87.34,38.52,39.25,23.56,75.44,6.79,191.12,jute
60.58,38.92,44.96,24.09,79.56,6.92,177.31,jute
79.6,50.98,35.97,23.39,78.87,6.43,160.92,jute
71.53,56.82,43.56,24.37,71.69,6.18,177.12,jute
80.18,45.24,39.8,23.82,74.73,7.07,168.56,jute
77.66,39.24,43.27,24.06,79.71,7.19,184.87,jute
66.7,53.92,43.17,23.28,73.72,6.36,173.79,jute
85.42,55.81,44.16,24.28,73.72,6.57,191.81,jute
74.76,57.01,37.98,25.95,71.95,6.7,183.9,jute
84.68,50.17,44.5,23.99,71.14,6.75,184.23,jute
72.18,56.52,36.52,25.63,77.4,6.92,160.86,jute
89.54,35.39,35.82,25.53,77.7,6.06,199.21,jute
83.11,37.68,39.32,25.86,79.69,7.01,192.08,jute
88.98,37.31,43.28,25.37,77.73,6.09,189.45,jute
75.43,52.82,39.73,24.98,72.43,6.66,166.51,jute
74.21,36.74,43.29,25.57,70.4,7.16,176.78,jute
82.66,47.41,42.3,23.23,79.85,6.63,156.86,jute
86.41,46.82,37.09,24.39,73.4,6.21,176.92,jute
88.92,42.77,44.49,25.97,73.12,7.38,157.29,jute
69.74,56.76,35.61,25.31,79.06,7.24,177.65,jute
83.96,39.26,43.98,25.89,75.85,7.08,182.44,jute
66.32,43.81,38.04,25.34,72.15,6.58,169.51,jute
76.37,54.35,40.0,25.62,78.89,6.26,174.93,jute
65.4,35.76,39.22,25.12,79.93,7.32,193.78,jute
70.42,51.82,36.72,25.28,70.87,6.75,155.43,jute
87.94,55.41,38.58,24.57,78.62,7.19,189.59,jute
64.38,58.31,36.93,25.77,73.91,6.48,158.54,jute
78.97,56.91,37.04,25.48,75.24,6.47,151.84,jute
77.79,42.98,36.87,25.53,79.15,7.38,159.28,jute
63.62,49.66,39.89,25.02,79.73,6.73,188.25,jute
69.78,36.93,42.98,23.91,72.62,6.2,170.26,jute
76.89,41.45,40.69,23.11,72.13,6.31,193.63,jute
65.62,37.36,43.93,25.81,70.81,6.67,176.24,jute
84.02,42.88,41.37,24.76,75.62,6.06,151.11,jute
89.16,56.88,41.89,23.89,70.14,6.65,185.84,jute
66.44,43.68,41.68,23.45,74.12,6.59,155.51,jute
65.61,49.05,39.49,25.49,70.73,7.09,189.47,jute
73.65,45.83,41.89,25.51,74.05,6.5,158.41,jute
82.43,46.47,35.7,25.44,70.4,7.38,167.27,jute
68.45,59.24,43.6,24.94,78.35,6.25,188.06,jute
60.6,42.4,42.78,24.1,72.1,6.83,197.71,jute
76.24,50.68,37.45,23.91,73.28,6.13,168.57,jute
88.7,45.5,42.68,23.03,78.7,7.03,191.47,jute
71.74,36.53,35.13,25.5,77.46,7.39,159.54,jute
72.6,47.23,37.17,23.26,72.19,7.15,190.36,jute
89.07,55.33,35.65,24.89,70.72,6.78,182.87,jute
80.84,37.47,42.8,24.51,77.16,6.68,159.64,jute
81.58,36.74,42.56,24.58,73.91,7.17,165.13,jute
76.88,38.84,43.14,25.78,77.66,7.31,156.59,jute
89.24,54.11,35.04,23.09,74.45,7.38,169.15,jute
80.67,53.1,40.01,25.32,73.46,6.56,160.18,jute
86.85,49.13,42.05,23.16,74.51,7.39,182.2,jute
119.78,39.14,26.37,25.5,59.32,6.96,189.16,coffee
80.48,35.23,26.61,26.73,51.15,6.78,148.31,coffee
101.64,38.51,25.77,25.81,53.73,6.65,128.27,coffee
102.95,18.52,27.05,23.42,61.21,6.29,140.55,coffee
116.57,16.78,32.15,23.93,67.32,6.73,162.31,coffee
100.24,28.94,33.09,24.1,67.66,6.6,116.09,coffee
101.75,22.26,29.53,24.29,51.4,7.19,158.29,coffee
98.87,35.7,30.07,25.83,58.38,7.15,184.5,coffee
90.76,31.8,25.33,25.52,61.66,6.2,178.03,coffee
82.24,39.27,25.69,24.02,52.94,6.13,115.41,coffee
96.35,21.37,27.58,23.34,65.31,7.36,189.47,coffee
82.1,27.14,30.44,23.86,64.88,6.8,165.9,coffee
102.02,27.53,32.4,27.92,68.07,7.29,122.98,coffee
92.29,20.98,31.05,25.34,50.17,6.09,110.99,coffee
101.34,29.75,28.92,27.34,54.33,6.79,123.7,coffee
85.37,26.08,26.18,27.24,66.54,6.81,177.05,coffee
117.31,26.17,32.81,25.56,63.41,7.29,111.73,coffee
115.78,24.07,28.64,26.53,67.89,6.15,128.65,coffee
87.6,15.42,32.36,23.96,51.14,6.36,170.58,coffee
93.74,28.05,30.13,26.44,61.94,6.61,156.89,coffee
104.54,23.38,32.39,24.36,61.38,7.3,172.62,coffee
83.83,15.03,34.07,27.16,50.71,7.41,169.69,coffee
94.18,22.7,34.21,23.42,60.27,7.49,114.05,coffee
90.04,21.97,30.35,26.87,62.19,7.44,181.4,coffee
116.62,24.84,30.12,23.5,53.83,6.01,128.16,coffee
114.1,18.3,27.66,27.41,55.47,6.07,154.27,coffee
103.19,27.69,34.36,24.52,62.81,6.22,161.54,coffee
100.81,32.31,29.58,26.27,59.37,6.52,123.49,coffee
117.23,30.75,26.28,25.44,67.16,7.24,188.1,coffee
117.3,35.09,29.33,24.83,56.85,7.34,149.05,coffee
118.77,26.3,26.27,26.23,55.33,6.28,114.61,coffee
85.02,27.98,30.03,27.74,69.7,6.93,184.98,coffee
86.42,35.26,30.61,23.21,68.22,7.38,156.9,coffee
107.07,25.69,28.38,27.59,50.58,6.7,165.94,coffee
101.66,32.54,25.72,26.05,65.41,6.16,152.01,coffee
80.74,25.87,34.44,27.04,52.21,6.69,176.78,coffee
82.48,25.44,32.73,24.92,50.55,6.56,112.65,coffee
115.52,34.01,33.39,25.36,55.47,6.87,131.47,coffee
114.75,19.37,28.67,27.34,55.39,6.66,147.57,coffee
94.29,23.46,32.61,25.07,66.39,6.03,116.13,coffee
115.64,20.6,29.85,25.67,64.21,7.49,166.47,coffee
103.75,23.98,27.01,23.1,69.63,6.82,141.49,coffee
112.24,20.76,26.24,23.79,64.23,6.71,131.81,coffee
97.1,29.49,28.45,26.21,58.37,7.43,110.27,coffee
84.54,34.95,26.38,26.58,63.98,6.23,167.59,coffee
97.35,34.67,34.98,25.91,69.99,6.28,176.7,coffee
98.29,24.11,25.49,23.72,64.2,7.21,141.6,coffee
102.04,39.72,29.41,25.23,65.23,6.39,155.14,coffee
84.22,29.85,29.52,24.78,68.77,7.2,128.21,coffee
119.66,24.99,28.01,25.48,52.27,6.41,159.78,coffee
89.77,35.89,30.71,27.35,64.1,6.05,110.97,coffee
87.94,33.25,26.5,26.88,67.02,6.78,149.09,coffee
101.07,33.73,32.84,23.42,69.09,6.3,161.54,coffee
101.49,19.9,28.32,27.45,54.22,7.14,183.46,coffee
97.59,26.71,30.91,25.36,60.08,6.96,140.51,coffee
110.88,36.55,32.16,26.72,63.61,7.39,171.22,coffee
100.67,27.6,33.89,23.7,54.95,7.17,157.81,coffee
104.39,32.09,33.36,26.35,62.01,6.27,184.16,coffee
108.95,29.7,31.08,24.18,55.15,7.2,141.87,coffee
81.0,36.06,28.88,25.19,56.67,6.96,135.53,coffee
102.83,22.11,30.03,23.08,58.83,7.0,180.97,coffee
115.37,29.39,32.69,23.76,60.58,7.25,113.94,coffee
80.7,18.08,33.78,23.46,58.99,6.86,120.91,coffee
96.21,32.26,26.04,24.2,59.86,6.7,116.59,coffee
117.05,33.3,28.85,23.5,55.97,6.95,177.45,coffee
94.13,16.07,32.76,26.46,53.18,6.45,110.85,coffee
98.35,31.89,29.32,23.15,50.95,6.27,178.93,coffee
119.26,25.37,28.32,26.09,53.92,6.92,146.1,coffee
87.97,18.1,29.11,23.7,61.64,6.35,110.32,coffee
82.61,25.5,31.03,27.73,65.72,6.12,142.13,coffee
114.38,19.86,35.0,27.67,53.38,6.0,124.94,coffee
114.74,25.39,29.93,24.13,52.17,6.91,159.95,coffee
98.88,24.61,27.08,26.07,64.99,6.54,164.35,coffee
100.57,33.46,26.63,23.14,56.1,7.13,149.0,coffee
113.43,34.36,25.42,27.66,69.03,6.56,113.24,coffee
109.54,30.18,30.59,25.61,64.29,6.73,162.49,coffee
90.61,15.57,30.45,23.22,56.54,6.61,177.36,coffee
80.68,38.28,27.05,24.71,55.79,6.98,167.63,coffee
99.19,32.16,31.95,23.38,60.47,6.53,176.4,coffee
114.36,15.85,32.41,24.96,51.58,7.45,126.04,coffee
115.83,35.47,27.59,26.35,52.35,7.4,181.11,coffee
118.25,20.01,28.44,25.35,53.52,7.27,135.78,coffee
115.18,29.48,34.9,24.92,65.49,7.38,111.07,coffee
103.2,26.67,28.74,23.6,60.28,6.67,177.47,coffee
97.78,25.5,32.61,24.22,50.21,6.8,185.35,coffee
110.99,37.24,29.53,23.5,63.47,7.11,162.44,coffee
109.59,25.93,32.93,27.04,58.47,7.04,128.51,coffee
101.53,16.88,32.69,23.68,60.22,7.34,130.14,coffee
83.49,38.67,31.68,25.98,54.28,7.07,147.33,coffee
117.04,38.01,33.55,24.71,61.04,7.5,181.83,coffee
98.22,32.11,34.39,24.13,69.58,6.52,121.97,coffee
94.53,26.7,30.8,26.2,51.47,7.25,176.08,coffee
105.18,17.32,27.37,25.29,55.68,7.05,133.3,coffee
106.95,34.77,28.99,25.0,54.86,7.04,174.69,coffee
88.43,16.89,32.58,25.96,54.97,6.49,183.62,coffee
113.48,16.72,31.51,25.46,57.57,7.18,144.2,coffee
91.6,28.43,26.78,24.52,66.36,7.35,139.2,coffee
87.47,19.0,25.51,25.8,68.26,6.33,174.18,coffee
96.26,15.19,31.83,26.35,54.04,6.94,152.36,coffee
109.22,25.58,27.51,23.13,60.86,6.59,164.76,coffee
